; =====================================================
;  Listado anotado — Procesador 32 bits
;  Instrucciones: 2719
;
;  WADDR BADDR    HEX       BINARIO (Tipo|Op | Operandos)
; =====================================================
;
; [keyboard_IRQHandler:]
00000 000000  8DE00010  10001101 11100000 00000000 00010000  (L7)
00001 000004  53E8FFF8  01010011 11101000 11111111 11111000  (L8)
00002 000008  53E9FFF4  01010011 11101001 11111111 11110100  (L9)
00003 00000C  82208000  10000010 00100000 10000000 00000000  (L10)
00004 000010  0C900000  00001100 10010000 00000000 00000000  (L11)
00005 000014  8C900400  10001100 10010000 00000100 00000000  (L12)
00006 000018  8D9001BC  10001101 10010000 00000001 10111100  (L13)
00007 00001C  52910000  01010010 10010001 00000000 00000000  (L14)
00008 000020  52130004  01010010 00010011 00000000 00000100  (L15)
00009 000024  0C100000  00001100 00010000 00000000 00000000  (L16)
0000A 000028  8C100400  10001100 00010000 00000100 00000000  (L17)
0000B 00002C  8D1001B8  10001101 00010000 00000001 10111000  (L18)
0000C 000030  12110000  00010010 00010001 00000000 00000000  (L19)
0000D 000034  0C200000  00001100 00100000 00000000 00000000  (L20)
0000E 000038  03120000  00000011 00010010 00000000 00000000  (L21)
0000F 00003C  8CF0FFF0  10001100 11110000 11111111 11110000  (L22)
00010 000040  8DF00184  10001101 11110000 00000001 10000100  (L23)
00011 000044  0F1F0000  00001111 00011111 00000000 00000000  (L24)
00012 000048  0C1000FF  00001100 00010000 00000000 11111111  (L26)
00013 00004C  07314000  00000111 00110001 01000000 00000000  (L27)
00014 000050  0C100000  00001100 00010000 00000000 00000000  (L28)
00015 000054  8C100400  10001100 00010000 00000100 00000000  (L29)
00016 000058  8D1001B4  10001101 00010000 00000001 10110100  (L30)
00017 00005C  52110000  01010010 00010001 00000000 00000000  (L31)
00018 000060  0C500008  00001100 01010000 00000000 00001000  (L32)
00019 000064  03450000  00000011 01000101 00000000 00000000  (L33)
0001A 000068  8CF0FFF0  10001100 11110000 11111111 11110000  (L34)
0001B 00006C  8DF000DC  10001101 11110000 00000000 11011100  (L35)
0001C 000070  0F0F0000  00001111 00001111 00000000 00000000  (L36)
0001D 000074  0C50000D  00001100 01010000 00000000 00001101  (L38)
0001E 000078  03450000  00000011 01000101 00000000 00000000  (L39)
0001F 00007C  8CF0FFF0  10001100 11110000 11111111 11110000  (L40)
00020 000080  8DF0009C  10001101 11110000 00000000 10011100  (L41)
00021 000084  0F0F0000  00001111 00001111 00000000 00000000  (L42)
00022 000088  0C50000A  00001100 01010000 00000000 00001010  (L44)
00023 00008C  03450000  00000011 01000101 00000000 00000000  (L45)
00024 000090  8CF0FFF0  10001100 11110000 11111111 11110000  (L46)
00025 000094  8DF00124  10001101 11110000 00000001 00100100  (L47)
00026 000098  0F1F0000  00001111 00011111 00000000 00000000  (L48)
;
; [.LBB0_4:]
00027 00009C  0C300000  00001100 00110000 00000000 00000000  (L50)
00028 0000A0  8C300400  10001100 00110000 00000100 00000000  (L51)
00029 0000A4  8D3001C0  10001101 00110000 00000001 11000000  (L52)
0002A 0000A8  02131000  00000010 00010011 00010000 00000000  (L53)
0002B 0000AC  13120000  00010011 00010010 00000000 00000000  (L54)
0002C 0000B0  0C100001  00001100 00010000 00000000 00000001  (L55)
0002D 0000B4  0C300000  00001100 00110000 00000000 00000000  (L56)
0002E 0000B8  8C300400  10001100 00110000 00000100 00000000  (L57)
0002F 0000BC  8D3001B8  10001101 00110000 00000001 10111000  (L58)
00030 0000C0  13310000  00010011 00110001 00000000 00000000  (L59)
00031 0000C4  0C100000  00001100 00010000 00000000 00000000  (L60)
00032 0000C8  8C100400  10001100 00010000 00000100 00000000  (L61)
00033 0000CC  8D100030  10001101 00010000 00000000 00110000  (L62)
00034 0000D0  8CF0FFF0  10001100 11110000 11111111 11110000  (L63)
00035 0000D4  8DF00178  10001101 11110000 00000001 01111000  (L64)
00036 0000D8  0E0F0000  00001110 00001111 00000000 00000000  (L65)
;
; [.LBB0_5:]
00037 0000DC  0C200001  00001100 00100000 00000000 00000001  (L67)
00038 0000E0  03120000  00000011 00010010 00000000 00000000  (L68)
00039 0000E4  8CF0FFF0  10001100 11110000 11111111 11110000  (L69)
0003A 0000E8  8DF00184  10001101 11110000 00000001 10000100  (L70)
0003B 0000EC  0F2F0000  00001111 00101111 00000000 00000000  (L71)
0003C 0000F0  0C100000  00001100 00010000 00000000 00000000  (L73)
0003D 0000F4  8C100400  10001100 00010000 00000100 00000000  (L74)
0003E 0000F8  8D1001B4  10001101 00010000 00000001 10110100  (L75)
0003F 0000FC  52120000  01010010 00010010 00000000 00000000  (L76)
00040 000100  0D20FFFF  00001101 00100000 11111111 11111111  (L77)
00041 000104  53120000  01010011 00010010 00000000 00000000  (L78)
00042 000108  0C200001  00001100 00100000 00000000 00000001  (L79)
00043 00010C  0C100000  00001100 00010000 00000000 00000000  (L80)
00044 000110  8C100400  10001100 00010000 00000100 00000000  (L81)
00045 000114  8D100033  10001101 00010000 00000000 00110011  (L82)
00046 000118  8CF0FFF0  10001100 11110000 11111111 11110000  (L83)
00047 00011C  8DF00178  10001101 11110000 00000001 01111000  (L84)
00048 000120  0E0F0000  00001110 00001111 00000000 00000000  (L85)
;
; [.LBB0_7:]
00049 000124  0C4000FE  00001100 01000000 00000000 11111110  (L87)
0004A 000128  03410000  00000011 01000001 00000000 00000000  (L88)
0004B 00012C  8CF0FFF0  10001100 11110000 11111111 11110000  (L89)
0004C 000130  8DF00184  10001101 11110000 00000001 10000100  (L90)
0004D 000134  0F2F0000  00001111 00101111 00000000 00000000  (L91)
0004E 000138  0C100000  00001100 00010000 00000000 00000000  (L93)
0004F 00013C  8C100400  10001100 00010000 00000100 00000000  (L94)
00050 000140  8D1001B4  10001101 00010000 00000001 10110100  (L95)
00051 000144  52140000  01010010 00010100 00000000 00000000  (L96)
00052 000148  0C500000  00001100 01010000 00000000 00000000  (L97)
00053 00014C  8C500400  10001100 01010000 00000100 00000000  (L98)
00054 000150  8D5001C0  10001101 01010000 00000001 11000000  (L99)
00055 000154  02454000  00000010 01000101 01000000 00000000  (L100)
00056 000158  13430000  00010011 01000011 00000000 00000000  (L101)
00057 00015C  52140000  01010010 00010100 00000000 00000000  (L102)
00058 000160  0D400001  00001101 01000000 00000000 00000001  (L103)
00059 000164  53140000  01010011 00010100 00000000 00000000  (L104)
0005A 000168  02E01000  00000010 11100000 00010000 00000000  (L105)
0005B 00016C  8D10FFFC  10001101 00010000 11111111 11111100  (L106)
0005C 000170  13130000  00010011 00010011 00000000 00000000  (L107)
0005D 000174  13120001  00010011 00010010 00000000 00000001  (L108)
;
; [.LBB0_9:]
0005E 000178  8CF0FFF0  10001100 11110000 11111111 11110000  (L110)
0005F 00017C  8DF00DDC  10001101 11110000 00001101 11011100  (L111)
00060 000180  100F0000  00010000 00001111 00000000 00000000  (L112)
;
; [.LBB0_10:]
00061 000184  52910000  01010010 10010001 00000000 00000000  (L114)
00062 000188  0C200002  00001100 00100000 00000000 00000010  (L115)
00063 00018C  53120000  01010011 00010010 00000000 00000000  (L116)
00064 000190  82801000  10000010 10000000 00010000 00000000  (L117)
00065 000194  52E9FFF4  01010010 11101001 11111111 11110100  (L118)
00066 000198  52E8FFF8  01010010 11101000 11111111 11111000  (L119)
00067 00019C  8DE0FFF0  10001101 11100000 11111111 11110000  (L120)
00068 0001A0  11000000  00010001 00000000 00000000 00000000  (L121)
;
; [initKeyboard:]
00069 0001A4  8DE00014  10001101 11100000 00000000 00010100  (L129)
0006A 0001A8  53E8FFFC  01010011 11101000 11111111 11111100  (L130)
0006B 0001AC  53E9FFF8  01010011 11101001 11111111 11111000  (L131)
0006C 0001B0  53EAFFF4  01010011 11101010 11111111 11110100  (L132)
0006D 0001B4  53EBFFF0  01010011 11101011 11111111 11110000  (L133)
0006E 0001B8  0C800001  00001100 10000000 00000000 00000001  (L134)
0006F 0001BC  53180004  01010011 00011000 00000000 00000100  (L135)
00070 0001C0  52120010  01010010 00010010 00000000 00010000  (L136)
00071 0001C4  0C900000  00001100 10010000 00000000 00000000  (L137)
00072 0001C8  8C900400  10001100 10010000 00000100 00000000  (L138)
00073 0001CC  8D9001BC  10001101 10010000 00000001 10111100  (L139)
00074 0001D0  53920000  01010011 10010010 00000000 00000000  (L140)
00075 0001D4  52130024  01010010 00010011 00000000 00100100  (L141)
00076 0001D8  0231A000  00000010 00110001 10100000 00000000  (L142)
00077 0001DC  52A10000  01010010 10100001 00000000 00000000  (L143)
00078 0001E0  0C3000FF  00001100 00110000 00000000 11111111  (L144)
00079 0001E4  07131000  00000111 00010011 00010000 00000000  (L145)
0007A 0001E8  0C300005  00001100 00110000 00000000 00000101  (L146)
0007B 0001EC  03130000  00000011 00010011 00000000 00000000  (L147)
0007C 0001F0  8CF0FFF0  10001100 11110000 11111111 11110000  (L148)
0007D 0001F4  8DF00254  10001101 11110000 00000010 01010100  (L149)
0007E 0001F8  0F1F0000  00001111 00011111 00000000 00000000  (L150)
0007F 0001FC  52AB0000  01010010 10101011 00000000 00000000  (L152)
00080 000200  0C100000  00001100 00010000 00000000 00000000  (L153)
00081 000204  8C10FEE0  10001100 00010000 11111110 11100000  (L154)
00082 000208  8D10002C  10001101 00010000 00000000 00101100  (L155)
00083 00020C  53A10004  01010011 10100001 00000000 00000100  (L156)
00084 000210  0C10007F  00001100 00010000 00000000 01111111  (L157)
00085 000214  53A10008  01010011 10100001 00000000 00001000  (L158)
00086 000218  0C10007E  00001100 00010000 00000000 01111110  (L159)
00087 00021C  0C200000  00001100 00100000 00000000 00000000  (L160)
00088 000220  8C20FFF0  10001100 00100000 11111111 11110000  (L161)
00089 000224  8D200000  10001101 00100000 00000000 00000000  (L162)
0008A 000228  8CF0FFF0  10001100 11110000 11111111 11110000  (L163)
0008B 00022C  8DF01B5C  10001101 11110000 00011011 01011100  (L164)
0008C 000230  100F0000  00010000 00001111 00000000 00000000  (L165)
0008D 000234  0C10000D  00001100 00010000 00000000 00001101  (L166)
0008E 000238  09B11000  00001001 10110001 00010000 00000000  (L167)
0008F 00023C  0C200070  00001100 00100000 00000000 01110000  (L168)
00090 000240  07121000  00000111 00010010 00010000 00000000  (L169)
00091 000244  06181000  00000110 00011000 00010000 00000000  (L170)
00092 000248  06111000  00000110 00010001 00010000 00000000  (L171)
00093 00024C  53A10000  01010011 10100001 00000000 00000000  (L172)
00094 000250  52920000  01010010 10010010 00000000 00000000  (L173)
;
; [.LBB1_2:]
00095 000254  53280000  01010011 00101000 00000000 00000000  (L175)
00096 000258  52EBFFF0  01010010 11101011 11111111 11110000  (L176)
00097 00025C  52EAFFF4  01010010 11101010 11111111 11110100  (L177)
00098 000260  52E9FFF8  01010010 11101001 11111111 11111000  (L178)
00099 000264  52E8FFFC  01010010 11101000 11111111 11111100  (L179)
0009A 000268  8DE0FFEC  10001101 11100000 11111111 11101100  (L180)
0009B 00026C  11000000  00010001 00000000 00000000 00000000  (L181)
;
; [keyboardSearch:]
0009C 000270  8DE00018  10001101 11100000 00000000 00011000  (L189)
0009D 000274  53E8FFFC  01010011 11101000 11111111 11111100  (L190)
0009E 000278  53E9FFF8  01010011 11101001 11111111 11111000  (L191)
0009F 00027C  53EAFFF4  01010011 11101010 11111111 11110100  (L192)
000A0 000280  53EBFFF0  01010011 11101011 11111111 11110000  (L193)
000A1 000284  53ECFFEC  01010011 11101100 11111111 11101100  (L194)
000A2 000288  0C100000  00001100 00010000 00000000 00000000  (L195)
000A3 00028C  8C100009  10001100 00010000 00000000 00001001  (L196)
000A4 000290  8D100000  10001101 00010000 00000000 00000000  (L197)
000A5 000294  8CF0FFF0  10001100 11110000 11111111 11110000  (L198)
000A6 000298  8DF01890  10001101 11110000 00011000 10010000  (L199)
000A7 00029C  100F0000  00010000 00001111 00000000 00000000  (L200)
000A8 0002A0  0C800000  00001100 10000000 00000000 00000000  (L201)
000A9 0002A4  03180000  00000011 00011000 00000000 00000000  (L202)
000AA 0002A8  8CF0FFF0  10001100 11110000 11111111 11110000  (L203)
000AB 0002AC  8DF003F8  10001101 11110000 00000011 11111000  (L204)
000AC 0002B0  0F2F0000  00001111 00101111 00000000 00000000  (L205)
000AD 0002B4  0C200014  00001100 00100000 00000000 00010100  (L207)
000AE 0002B8  04123000  00000100 00010010 00110000 00000000  (L208)
000AF 0002BC  0C400000  00001100 01000000 00000000 00000000  (L209)
000B0 0002C0  8C400400  10001100 01000000 00000100 00000000  (L210)
000B1 0002C4  8D400128  10001101 01000000 00000001 00101000  (L211)
000B2 0002C8  52440000  01010010 01000100 00000000 00000000  (L212)
000B3 0002CC  02433000  00000010 01000011 00110000 00000000  (L213)
000B4 0002D0  12340010  00010010 00110100 00000000 00010000  (L214)
000B5 0002D4  0A422000  00001010 01000010 00100000 00000000  (L215)
000B6 0002D8  12340011  00010010 00110100 00000000 00010001  (L216)
000B7 0002DC  0C50000F  00001100 01010000 00000000 00001111  (L217)
000B8 0002E0  0A454000  00001010 01000101 01000000 00000000  (L218)
000B9 0002E4  06422000  00000110 01000010 00100000 00000000  (L219)
000BA 0002E8  12330012  00010010 00110011 00000000 00010010  (L220)
000BB 0002EC  0C40000C  00001100 01000000 00000000 00001100  (L221)
000BC 0002F0  0A343000  00001010 00110100 00110000 00000000  (L222)
000BD 0002F4  06222000  00000110 00100010 00100000 00000000  (L223)
000BE 0002F8  06232000  00000110 00100011 00100000 00000000  (L224)
000BF 0002FC  06223000  00000110 00100010 00110000 00000000  (L225)
000C0 000300  0C200000  00001100 00100000 00000000 00000000  (L226)
000C1 000304  8C20E000  10001100 00100000 11100000 00000000  (L227)
000C2 000308  8D200004  10001101 00100000 00000000 00000100  (L228)
000C3 00030C  06322000  00000110 00110010 00100000 00000000  (L229)
000C4 000310  06222000  00000110 00100010 00100000 00000000  (L230)
000C5 000314  0C800001  00001100 10000000 00000000 00000001  (L231)
000C6 000318  53280000  01010011 00101000 00000000 00000000  (L232)
000C7 00031C  0C200000  00001100 00100000 00000000 00000000  (L233)
000C8 000320  8C20E000  10001100 00100000 11100000 00000000  (L234)
000C9 000324  8D200010  10001101 00100000 00000000 00010000  (L235)
000CA 000328  06322000  00000110 00110010 00100000 00000000  (L236)
000CB 00032C  06222000  00000110 00100010 00100000 00000000  (L237)
000CC 000330  52220000  01010010 00100010 00000000 00000000  (L238)
000CD 000334  0C900000  00001100 10010000 00000000 00000000  (L239)
000CE 000338  8C900400  10001100 10010000 00000100 00000000  (L240)
000CF 00033C  8D9001BC  10001101 10010000 00000001 10111100  (L241)
000D0 000340  53920000  01010011 10010010 00000000 00000000  (L242)
000D1 000344  0C400000  00001100 01000000 00000000 00000000  (L243)
000D2 000348  8C40E000  10001100 01000000 11100000 00000000  (L244)
000D3 00034C  8D400024  10001101 01000000 00000000 00100100  (L245)
000D4 000350  06344000  00000110 00110100 01000000 00000000  (L246)
000D5 000354  06444000  00000110 01000100 01000000 00000000  (L247)
000D6 000358  52440000  01010010 01000100 00000000 00000000  (L248)
000D7 00035C  02433000  00000010 01000011 00110000 00000000  (L249)
000D8 000360  0C400000  00001100 01000000 00000000 00000000  (L250)
000D9 000364  8C40E000  10001100 01000000 11100000 00000000  (L251)
000DA 000368  8D400000  10001101 01000000 00000000 00000000  (L252)
000DB 00036C  0234A000  00000010 00110100 10100000 00000000  (L253)
000DC 000370  0C3000FF  00001100 00110000 00000000 11111111  (L254)
000DD 000374  52A40000  01010010 10100100 00000000 00000000  (L255)
000DE 000378  07433000  00000111 01000011 00110000 00000000  (L256)
000DF 00037C  0C400005  00001100 01000000 00000000 00000101  (L257)
000E0 000380  03340000  00000011 00110100 00000000 00000000  (L258)
000E1 000384  8CF0FFF0  10001100 11110000 11111111 11110000  (L259)
000E2 000388  8DF003F4  10001101 11110000 00000011 11110100  (L260)
000E3 00038C  0F1F0000  00001111 00011111 00000000 00000000  (L261)
000E4 000390  52AC0000  01010010 10101100 00000000 00000000  (L263)
000E5 000394  0C200000  00001100 00100000 00000000 00000000  (L264)
000E6 000398  8C20FEE0  10001100 00100000 11111110 11100000  (L265)
000E7 00039C  8D20002C  10001101 00100000 00000000 00101100  (L266)
000E8 0003A0  53A20004  01010011 10100010 00000000 00000100  (L267)
000E9 0003A4  0C20007F  00001100 00100000 00000000 01111111  (L268)
000EA 0003A8  53A20008  01010011 10100010 00000000 00001000  (L269)
000EB 0003AC  0C20007E  00001100 00100000 00000000 01111110  (L270)
000EC 0003B0  8210B000  10000010 00010000 10110000 00000000  (L271)
000ED 0003B4  82201000  10000010 00100000 00010000 00000000  (L272)
000EE 0003B8  0C200000  00001100 00100000 00000000 00000000  (L273)
000EF 0003BC  8C20FFF0  10001100 00100000 11111111 11110000  (L274)
000F0 0003C0  8D200000  10001101 00100000 00000000 00000000  (L275)
000F1 0003C4  8CF0FFF0  10001100 11110000 11111111 11110000  (L276)
000F2 0003C8  8DF01B5C  10001101 11110000 00011011 01011100  (L277)
000F3 0003CC  100F0000  00010000 00001111 00000000 00000000  (L278)
000F4 0003D0  82B01000  10000010 10110000 00010000 00000000  (L279)
000F5 0003D4  0C20000D  00001100 00100000 00000000 00001101  (L280)
000F6 0003D8  09C22000  00001001 11000010 00100000 00000000  (L281)
000F7 0003DC  0C300070  00001100 00110000 00000000 01110000  (L282)
000F8 0003E0  07232000  00000111 00100011 00100000 00000000  (L283)
000F9 0003E4  06282000  00000110 00101000 00100000 00000000  (L284)
000FA 0003E8  06222000  00000110 00100010 00100000 00000000  (L285)
000FB 0003EC  53A20000  01010011 10100010 00000000 00000000  (L286)
000FC 0003F0  52920000  01010010 10010010 00000000 00000000  (L287)
;
; [.LBB2_3:]
000FD 0003F4  53280000  01010011 00101000 00000000 00000000  (L289)
;
; [.LBB2_4:]
000FE 0003F8  0C200000  00001100 00100000 00000000 00000000  (L291)
000FF 0003FC  8C200400  10001100 00100000 00000100 00000000  (L292)
00100 000400  8D2002C0  10001101 00100000 00000010 11000000  (L293)
00101 000404  13280000  00010011 00101000 00000000 00000000  (L294)
00102 000408  0C200000  00001100 00100000 00000000 00000000  (L295)
00103 00040C  8C200000  10001100 00100000 00000000 00000000  (L296)
00104 000410  8D20FFFF  10001101 00100000 11111111 11111111  (L297)
00105 000414  08121000  00001000 00010010 00010000 00000000  (L298)
00106 000418  0C20001F  00001100 00100000 00000000 00011111  (L299)
00107 00041C  09121000  00001001 00010010 00010000 00000000  (L300)
00108 000420  52ECFFEC  01010010 11101100 11111111 11101100  (L301)
00109 000424  52EBFFF0  01010010 11101011 11111111 11110000  (L302)
0010A 000428  52EAFFF4  01010010 11101010 11111111 11110100  (L303)
0010B 00042C  52E9FFF8  01010010 11101001 11111111 11111000  (L304)
0010C 000430  52E8FFFC  01010010 11101000 11111111 11111100  (L305)
0010D 000434  8DE0FFE8  10001101 11100000 11111111 11101000  (L306)
0010E 000438  11000000  00010001 00000000 00000000 00000000  (L307)
;
; [read:]
0010F 00043C  8DE00014  10001101 11100000 00000000 00010100  (L315)
00110 000440  53E8FFFC  01010011 11101000 11111111 11111100  (L316)
00111 000444  53E9FFF8  01010011 11101001 11111111 11111000  (L317)
00112 000448  53EAFFF4  01010011 11101010 11111111 11110100  (L318)
00113 00044C  53EBFFF0  01010011 11101011 11111111 11110000  (L319)
00114 000450  82209000  10000010 00100000 10010000 00000000  (L320)
00115 000454  82108000  10000010 00010000 10000000 00000000  (L321)
00116 000458  14810000  00010100 10000001 00000000 00000000  (L323)
00117 00045C  0C200004  00001100 00100000 00000000 00000100  (L325)
00118 000460  07121000  00000111 00010010 00010000 00000000  (L326)
00119 000464  0CB00000  00001100 10110000 00000000 00000000  (L327)
0011A 000468  031B0000  00000011 00011011 00000000 00000000  (L328)
0011B 00046C  8CF0FFF0  10001100 11110000 11111111 11110000  (L329)
0011C 000470  8DF004A8  10001101 11110000 00000100 10101000  (L330)
0011D 000474  0F1F0000  00001111 00011111 00000000 00000000  (L331)
0011E 000478  0CA00000  00001100 10100000 00000000 00000000  (L333)
0011F 00047C  0C100000  00001100 00010000 00000000 00000000  (L334)
00120 000480  8C100400  10001100 00010000 00000100 00000000  (L335)
00121 000484  8D100035  10001101 00010000 00000000 00110101  (L336)
00122 000488  82A02000  10000010 10100000 00100000 00000000  (L337)
00123 00048C  8CF0FFF0  10001100 11110000 11111111 11110000  (L338)
00124 000490  8DF00DDC  10001101 11110000 00001101 11011100  (L339)
00125 000494  100F0000  00010000 00001111 00000000 00000000  (L340)
00126 000498  01000000  00000001 00000000 00000000 00000000  (L342)
00127 00049C  8CF0FFF0  10001100 11110000 11111111 11110000  (L344)
00128 0004A0  8DF0059C  10001101 11110000 00000101 10011100  (L345)
00129 0004A4  0E0F0000  00001110 00001111 00000000 00000000  (L346)
;
; [.LBB3_1:]
0012A 0004A8  8CF0FFF0  10001100 11110000 11111111 11110000  (L348)
0012B 0004AC  8DF01C94  10001101 11110000 00011100 10010100  (L349)
0012C 0004B0  100F0000  00010000 00001111 00000000 00000000  (L350)
0012D 0004B4  0C100000  00001100 00010000 00000000 00000000  (L351)
0012E 0004B8  8C100400  10001100 00010000 00000100 00000000  (L352)
0012F 0004BC  8D1001B4  10001101 00010000 00000001 10110100  (L353)
00130 0004C0  531B0000  01010011 00011011 00000000 00000000  (L354)
00131 0004C4  0CA00000  00001100 10100000 00000000 00000000  (L355)
00132 0004C8  8CA00400  10001100 10100000 00000100 00000000  (L356)
00133 0004CC  8DA001B8  10001101 10100000 00000001 10111000  (L357)
00134 0004D0  13AB0000  00010011 10101011 00000000 00000000  (L358)
00135 0004D4  8CF0FFF0  10001100 11110000 11111111 11110000  (L359)
00136 0004D8  8DF01CB8  10001101 11110000 00011100 10111000  (L360)
00137 0004DC  100F0000  00010000 00001111 00000000 00000000  (L361)
00138 0004E0  12A10000  00010010 10100001 00000000 00000000  (L362)
00139 0004E4  031B0000  00000011 00011011 00000000 00000000  (L363)
0013A 0004E8  8CF0FFF0  10001100 11110000 11111111 11110000  (L364)
0013B 0004EC  8DF00510  10001101 11110000 00000101 00010000  (L365)
0013C 0004F0  0F1F0000  00001111 00011111 00000000 00000000  (L366)
0013D 0004F4  0C100001  00001100 00010000 00000000 00000001  (L368)
;
; [.LBB3_3:]
0013E 0004F8  01000000  00000001 00000000 00000000 00000000  (L372)
0013F 0004FC  12A20000  00010010 10100010 00000000 00000000  (L374)
00140 000500  03210000  00000011 00100001 00000000 00000000  (L375)
00141 000504  8CF0FFF0  10001100 11110000 11111111 11110000  (L376)
00142 000508  8DF004F8  10001101 11110000 00000100 11111000  (L377)
00143 00050C  0F1F0000  00001111 00011111 00000000 00000000  (L378)
;
; [.LBB3_4:]
00144 000510  8CF0FFF0  10001100 11110000 11111111 11110000  (L380)
00145 000514  8DF01C94  10001101 11110000 00011100 10010100  (L381)
00146 000518  100F0000  00010000 00001111 00000000 00000000  (L382)
00147 00051C  0C100000  00001100 00010000 00000000 00000000  (L383)
00148 000520  0C200002  00001100 00100000 00000000 00000010  (L384)
00149 000524  8210A000  10000010 00010000 10100000 00000000  (L385)
0014A 000528  03920000  00000011 10010010 00000000 00000000  (L386)
0014B 00052C  8CF0FFF0  10001100 11110000 11111111 11110000  (L387)
0014C 000530  8DF00588  10001101 11110000 00000101 10001000  (L388)
0014D 000534  0F2F0000  00001111 00101111 00000000 00000000  (L389)
0014E 000538  0D90FFFF  00001101 10010000 11111111 11111111  (L391)
0014F 00053C  0C200000  00001100 00100000 00000000 00000000  (L392)
00150 000540  8C200400  10001100 00100000 00000100 00000000  (L393)
00151 000544  8D2001C0  10001101 00100000 00000001 11000000  (L394)
00152 000548  8210A000  10000010 00010000 10100000 00000000  (L395)
;
; [.LBB3_6:]
00153 00054C  02A23000  00000010 10100010 00110000 00000000  (L398)
00154 000550  12340000  00010010 00110100 00000000 00000000  (L399)
00155 000554  03410000  00000011 01000001 00000000 00000000  (L400)
00156 000558  8CF0FFF0  10001100 11110000 11111111 11110000  (L401)
00157 00055C  8DF00588  10001101 11110000 00000101 10001000  (L402)
00158 000560  0F0F0000  00001111 00001111 00000000 00000000  (L403)
00159 000564  028A4000  00000010 10001010 01000000 00000000  (L406)
0015A 000568  12330000  00010010 00110011 00000000 00000000  (L407)
0015B 00056C  13430000  00010011 01000011 00000000 00000000  (L408)
0015C 000570  0DA00001  00001101 10100000 00000000 00000001  (L409)
0015D 000574  039A0000  00000011 10011010 00000000 00000000  (L410)
0015E 000578  8CF0FFF0  10001100 11110000 11111111 11110000  (L411)
0015F 00057C  8DF0054C  10001101 11110000 00000101 01001100  (L412)
00160 000580  0F1F0000  00001111 00011111 00000000 00000000  (L413)
00161 000584  8290A000  10000010 10010000 10100000 00000000  (L415)
;
; [.LBB3_9:]
00162 000588  028A2000  00000010 10001010 00100000 00000000  (L417)
00163 00058C  13210000  00010011 00100001 00000000 00000000  (L418)
00164 000590  8CF0FFF0  10001100 11110000 11111111 11110000  (L419)
00165 000594  8DF01CB8  10001101 11110000 00011100 10111000  (L420)
00166 000598  100F0000  00010000 00001111 00000000 00000000  (L421)
;
; [.LBB3_11:]
00167 00059C  82A01000  10000010 10100000 00010000 00000000  (L423)
00168 0005A0  52EBFFF0  01010010 11101011 11111111 11110000  (L424)
00169 0005A4  52EAFFF4  01010010 11101010 11111111 11110100  (L425)
0016A 0005A8  52E9FFF8  01010010 11101001 11111111 11111000  (L426)
0016B 0005AC  52E8FFFC  01010010 11101000 11111111 11111100  (L427)
0016C 0005B0  8DE0FFEC  10001101 11100000 11111111 11101100  (L428)
0016D 0005B4  11000000  00010001 00000000 00000000 00000000  (L429)
;
; [tty_IRQHandler:]
0016E 0005B8  8DE00004  10001101 11100000 00000000 00000100  (L437)
0016F 0005BC  82201000  10000010 00100000 00010000 00000000  (L438)
00170 0005C0  0C200000  00001100 00100000 00000000 00000000  (L439)
00171 0005C4  8C200400  10001100 00100000 00000100 00000000  (L440)
00172 0005C8  8D200306  10001101 00100000 00000011 00000110  (L441)
00173 0005CC  12250000  00010010 00100101 00000000 00000000  (L442)
00174 0005D0  0C400000  00001100 01000000 00000000 00000000  (L443)
00175 0005D4  0C300003  00001100 00110000 00000000 00000011  (L444)
00176 0005D8  03540000  00000011 01010100 00000000 00000000  (L445)
00177 0005DC  8CF0FFF0  10001100 11110000 11111111 11110000  (L446)
00178 0005E0  8DF00610  10001101 11110000 00000110 00010000  (L447)
00179 0005E4  0F0F0000  00001111 00001111 00000000 00000000  (L448)
0017A 0005E8  0C500000  00001100 01010000 00000000 00000000  (L450)
0017B 0005EC  8C500400  10001100 01010000 00000100 00000000  (L451)
0017C 0005F0  8D500304  10001101 01010000 00000011 00000100  (L452)
0017D 0005F4  12560000  00010010 01010110 00000000 00000000  (L453)
0017E 0005F8  0D600001  00001101 01100000 00000000 00000001  (L454)
0017F 0005FC  07636000  00000111 01100011 01100000 00000000  (L455)
00180 000600  13560000  00010011 01010110 00000000 00000000  (L456)
00181 000604  12250000  00010010 00100101 00000000 00000000  (L457)
00182 000608  0D50FFFF  00001101 01010000 11111111 11111111  (L458)
00183 00060C  13250000  00010011 00100101 00000000 00000000  (L459)
;
; [.LBB4_2:]
00184 000610  12220000  00010010 00100010 00000000 00000000  (L461)
00185 000614  03240000  00000011 00100100 00000000 00000000  (L462)
00186 000618  8CF0FFF0  10001100 11110000 11111111 11110000  (L463)
00187 00061C  8DF006D4  10001101 11110000 00000110 11010100  (L464)
00188 000620  0F0F0000  00001111 00001111 00000000 00000000  (L465)
00189 000624  0C200000  00001100 00100000 00000000 00000000  (L467)
0018A 000628  8C200400  10001100 00100000 00000100 00000000  (L468)
0018B 00062C  8D200304  10001101 00100000 00000011 00000100  (L469)
0018C 000630  12250000  00010010 00100101 00000000 00000000  (L470)
0018D 000634  0C200000  00001100 00100000 00000000 00000000  (L471)
0018E 000638  8C200400  10001100 00100000 00000100 00000000  (L472)
0018F 00063C  8D20030C  10001101 00100000 00000011 00001100  (L473)
00190 000640  52220000  01010010 00100010 00000000 00000000  (L474)
00191 000644  5324000C  01010011 00100100 00000000 00001100  (L475)
00192 000648  53240008  01010011 00100100 00000000 00001000  (L476)
00193 00064C  53240004  01010011 00100100 00000000 00000100  (L477)
00194 000650  0C400004  00001100 01000000 00000000 00000100  (L478)
00195 000654  0A545000  00001010 01010100 01010000 00000000  (L479)
00196 000658  0C400000  00001100 01000000 00000000 00000000  (L480)
00197 00065C  8C400400  10001100 01000000 00000100 00000000  (L481)
00198 000660  8D4002CC  10001101 01000000 00000010 11001100  (L482)
00199 000664  02544000  00000010 01010100 01000000 00000000  (L483)
0019A 000668  52440000  01010010 01000100 00000000 00000000  (L484)
0019B 00066C  82406000  10000010 01000000 01100000 00000000  (L485)
0019C 000670  0D60FFFF  00001101 01100000 11111111 11111111  (L486)
0019D 000674  03360000  00000011 00110110 00000000 00000000  (L487)
0019E 000678  8CF0FFF0  10001100 11110000 11111111 11110000  (L488)
0019F 00067C  8DF00728  10001101 11110000 00000111 00101000  (L489)
001A0 000680  0F4F0000  00001111 01001111 00000000 00000000  (L490)
001A1 000684  0C300000  00001100 00110000 00000000 00000000  (L492)
001A2 000688  8C300400  10001100 00110000 00000100 00000000  (L493)
001A3 00068C  8D3002C4  10001101 00110000 00000010 11000100  (L494)
001A4 000690  02533000  00000010 01010011 00110000 00000000  (L495)
001A5 000694  0C500002  00001100 01010000 00000000 00000010  (L496)
001A6 000698  0A655000  00001010 01100101 01010000 00000000  (L497)
001A7 00069C  0C600000  00001100 01100000 00000000 00000000  (L498)
001A8 0006A0  8C600400  10001100 01100000 00000100 00000000  (L499)
001A9 0006A4  8D600000  10001101 01100000 00000000 00000000  (L500)
001AA 0006A8  02655000  00000010 01100101 01010000 00000000  (L501)
001AB 0006AC  52550000  01010010 01010101 00000000 00000000  (L502)
001AC 0006B0  0E050000  00001110 00000101 00000000 00000000  (L503)
;
; [.LBB4_5:]
001AD 0006B4  5234000C  01010010 00110100 00000000 00001100  (L505)
001AE 0006B8  5324000C  01010011 00100100 00000000 00001100  (L506)
001AF 0006BC  12330004  00010010 00110011 00000000 00000100  (L507)
001B0 0006C0  53230004  01010011 00100011 00000000 00000100  (L508)
001B1 0006C4  0C400001  00001100 01000000 00000000 00000001  (L509)
001B2 0006C8  8CF0FFF0  10001100 11110000 11111111 11110000  (L510)
001B3 0006CC  8DF0072C  10001101 11110000 00000111 00101100  (L511)
001B4 0006D0  0E0F0000  00001110 00001111 00000000 00000000  (L512)
;
; [.LBB4_6:]
001B5 0006D4  0C200000  00001100 00100000 00000000 00000000  (L514)
001B6 0006D8  8C200400  10001100 00100000 00000100 00000000  (L515)
001B7 0006DC  8D2002C1  10001101 00100000 00000010 11000001  (L516)
001B8 0006E0  13240000  00010011 00100100 00000000 00000000  (L517)
001B9 0006E4  8CF0FFF0  10001100 11110000 11111111 11110000  (L518)
001BA 0006E8  8DF00730  10001101 11110000 00000111 00110000  (L519)
001BB 0006EC  0E0F0000  00001110 00001111 00000000 00000000  (L520)
;
; [.LBB4_7:]
001BC 0006F0  5233000C  01010010 00110011 00000000 00001100  (L522)
001BD 0006F4  5323000C  01010011 00100011 00000000 00001100  (L523)
001BE 0006F8  0C400002  00001100 01000000 00000000 00000010  (L524)
001BF 0006FC  8CF0FFF0  10001100 11110000 11111111 11110000  (L525)
001C0 000700  8DF0072C  10001101 11110000 00000111 00101100  (L526)
001C1 000704  0E0F0000  00001110 00001111 00000000 00000000  (L527)
;
; [.LBB4_8:]
001C2 000708  5234000C  01010010 00110100 00000000 00001100  (L529)
001C3 00070C  53240008  01010011 00100100 00000000 00001000  (L530)
001C4 000710  52330000  01010010 00110011 00000000 00000000  (L531)
001C5 000714  53230004  01010011 00100011 00000000 00000100  (L532)
001C6 000718  0C400004  00001100 01000000 00000000 00000100  (L533)
001C7 00071C  8CF0FFF0  10001100 11110000 11111111 11110000  (L534)
001C8 000720  8DF0072C  10001101 11110000 00000111 00101100  (L535)
001C9 000724  0E0F0000  00001110 00001111 00000000 00000000  (L536)
;
; [.LBB4_9:]
001CA 000728  0C400000  00001100 01000000 00000000 00000000  (L538)
;
; [.LBB4_10:]
001CB 00072C  53240000  01010011 00100100 00000000 00000000  (L540)
;
; [.LBB4_11:]
001CC 000730  8DE0FFFC  10001101 11100000 11111111 11111100  (L542)
001CD 000734  11000000  00010001 00000000 00000000 00000000  (L543)
;
; [ttyWrite:]
001CE 000738  8DE00020  10001101 11100000 00000000 00100000  (L561)
001CF 00073C  53E8FFF8  01010011 11101000 11111111 11111000  (L562)
001D0 000740  53E9FFF4  01010011 11101001 11111111 11110100  (L563)
001D1 000744  53EAFFF0  01010011 11101010 11111111 11110000  (L564)
001D2 000748  53EBFFEC  01010011 11101011 11111111 11101100  (L565)
001D3 00074C  53ECFFE8  01010011 11101100 11111111 11101000  (L566)
001D4 000750  53EDFFE4  01010011 11101101 11111111 11100100  (L567)
001D5 000754  82309000  10000010 00110000 10010000 00000000  (L568)
001D6 000758  82208000  10000010 00100000 10000000 00000000  (L569)
001D7 00075C  8210A000  10000010 00010000 10100000 00000000  (L570)
001D8 000760  0C100000  00001100 00010000 00000000 00000000  (L571)
001D9 000764  8C100400  10001100 00010000 00000100 00000000  (L572)
001DA 000768  8D10061C  10001101 00010000 00000110 00011100  (L573)
001DB 00076C  12110000  00010010 00010001 00000000 00000000  (L574)
001DC 000770  0CC00000  00001100 11000000 00000000 00000000  (L575)
001DD 000774  031C0000  00000011 00011100 00000000 00000000  (L576)
001DE 000778  8CF0FFF0  10001100 11110000 11111111 11110000  (L577)
001DF 00077C  8DF007F8  10001101 11110000 00000111 11111000  (L578)
001E0 000780  0F0F0000  00001111 00001111 00000000 00000000  (L579)
001E1 000784  0C100000  00001100 00010000 00000000 00000000  (L581)
001E2 000788  8C100400  10001100 00010000 00000100 00000000  (L582)
001E3 00078C  8D10030C  10001101 00010000 00000011 00001100  (L583)
001E4 000790  52110000  01010010 00010001 00000000 00000000  (L584)
001E5 000794  531C000C  01010011 00011100 00000000 00001100  (L585)
001E6 000798  531C0008  01010011 00011100 00000000 00001000  (L586)
001E7 00079C  531C0004  01010011 00011100 00000000 00000100  (L587)
001E8 0007A0  82802000  10000010 10000000 00100000 00000000  (L588)
001E9 0007A4  0D20FFFF  00001101 00100000 11111111 11111111  (L589)
001EA 0007A8  0C300003  00001100 00110000 00000000 00000011  (L590)
001EB 0007AC  03320000  00000011 00110010 00000000 00000000  (L591)
001EC 0007B0  8CF0FFF0  10001100 11110000 11111111 11110000  (L592)
001ED 0007B4  8DF009DC  10001101 11110000 00001001 11011100  (L593)
001EE 0007B8  0F4F0000  00001111 01001111 00000000 00000000  (L594)
001EF 0007BC  0C300002  00001100 00110000 00000000 00000010  (L596)
001F0 0007C0  0A232000  00001010 00100011 00100000 00000000  (L597)
001F1 0007C4  0C300000  00001100 00110000 00000000 00000000  (L598)
001F2 0007C8  8C300400  10001100 00110000 00000100 00000000  (L599)
001F3 0007CC  8D300020  10001101 00110000 00000000 00100000  (L600)
001F4 0007D0  02322000  00000010 00110010 00100000 00000000  (L601)
001F5 0007D4  52220000  01010010 00100010 00000000 00000000  (L602)
001F6 0007D8  0E020000  00001110 00000010 00000000 00000000  (L603)
;
; [.LBB5_9:]
001F7 0007DC  5319000C  01010011 00011001 00000000 00001100  (L605)
001F8 0007E0  531C0004  01010011 00011100 00000000 00000100  (L606)
001F9 0007E4  0C800001  00001100 10000000 00000000 00000001  (L607)
001FA 0007E8  53180000  01010011 00011000 00000000 00000000  (L608)
001FB 0007EC  8CF0FFF0  10001100 11110000 11111111 11110000  (L609)
001FC 0007F0  8DF00A38  10001101 11110000 00001010 00111000  (L610)
001FD 0007F4  0E0F0000  00001110 00001111 00000000 00000000  (L611)
;
; [.LBB5_1:]
001FE 0007F8  0CB00000  00001100 10110000 00000000 00000000  (L613)
001FF 0007FC  8CB00400  10001100 10110000 00000100 00000000  (L614)
00200 000800  8DB00306  10001101 10110000 00000011 00000110  (L615)
00201 000804  12B10000  00010010 10110001 00000000 00000000  (L616)
00202 000808  0CD00004  00001100 11010000 00000000 00000100  (L617)
00203 00080C  031D0000  00000011 00011101 00000000 00000000  (L618)
00204 000810  8CF0FFF0  10001100 11110000 11111111 11110000  (L619)
00205 000814  8DF00838  10001101 11110000 00001000 00111000  (L620)
00206 000818  0F4F0000  00001111 01001111 00000000 00000000  (L621)
00207 00081C  0C100003  00001100 00010000 00000000 00000011  (L623)
;
; [.LBB5_3:]
00208 000820  01000000  00000001 00000000 00000000 00000000  (L627)
00209 000824  12B20000  00010010 10110010 00000000 00000000  (L629)
0020A 000828  03120000  00000011 00010010 00000000 00000000  (L630)
0020B 00082C  8CF0FFF0  10001100 11110000 11111111 11110000  (L631)
0020C 000830  8DF00820  10001101 11110000 00001000 00100000  (L632)
0020D 000834  0F4F0000  00001111 01001111 00000000 00000000  (L633)
;
; [.LBB5_4:]
0020E 000838  14810000  00010100 10000001 00000000 00000000  (L636)
0020F 00083C  53E1FFFC  01010011 11100001 11111111 11111100  (L638)
00210 000840  8CF0FFF0  10001100 11110000 11111111 11110000  (L639)
00211 000844  8DF01C94  10001101 11110000 00011100 10010100  (L640)
00212 000848  100F0000  00010000 00001111 00000000 00000000  (L641)
00213 00084C  0C100000  00001100 00010000 00000000 00000000  (L642)
00214 000850  8C100400  10001100 00010000 00000100 00000000  (L643)
00215 000854  8D100305  10001101 00010000 00000011 00000101  (L644)
00216 000858  12120000  00010010 00010010 00000000 00000000  (L645)
00217 00085C  0A2D3000  00001010 00101101 00110000 00000000  (L646)
00218 000860  0C200000  00001100 00100000 00000000 00000000  (L647)
00219 000864  8C200400  10001100 00100000 00000100 00000000  (L648)
0021A 000868  8D2002C4  10001101 00100000 00000010 11000100  (L649)
0021B 00086C  02323000  00000010 00110010 00110000 00000000  (L650)
0021C 000870  533A0000  01010011 00111010 00000000 00000000  (L651)
0021D 000874  12A30000  00010010 10100011 00000000 00000000  (L652)
0021E 000878  12140000  00010010 00010100 00000000 00000000  (L653)
0021F 00087C  0A4D4000  00001010 01001101 01000000 00000000  (L654)
00220 000880  0C500000  00001100 01010000 00000000 00000000  (L655)
00221 000884  8C500400  10001100 01010000 00000100 00000000  (L656)
00222 000888  8D5002C8  10001101 01010000 00000010 11001000  (L657)
00223 00088C  02454000  00000010 01000101 01000000 00000000  (L658)
00224 000890  13430000  00010011 01000011 00000000 00000000  (L659)
00225 000894  12130000  00010010 00010011 00000000 00000000  (L660)
00226 000898  0A3D4000  00001010 00111101 01000000 00000000  (L661)
00227 00089C  0C300000  00001100 00110000 00000000 00000000  (L662)
00228 0008A0  8C300400  10001100 00110000 00000100 00000000  (L663)
00229 0008A4  8D3002CC  10001101 00110000 00000010 11001100  (L664)
0022A 0008A8  02434000  00000010 01000011 01000000 00000000  (L665)
0022B 0008AC  53480000  01010011 01001000 00000000 00000000  (L666)
0022C 0008B0  12140000  00010010 00010100 00000000 00000000  (L667)
0022D 0008B4  0A4D4000  00001010 01001101 01000000 00000000  (L668)
0022E 0008B8  0C500000  00001100 01010000 00000000 00000000  (L669)
0022F 0008BC  8C500400  10001100 01010000 00000100 00000000  (L670)
00230 0008C0  8D5002D0  10001101 01010000 00000010 11010000  (L671)
00231 0008C4  02454000  00000010 01000101 01000000 00000000  (L672)
00232 0008C8  53490000  01010011 01001001 00000000 00000000  (L673)
00233 0008CC  12150000  00010010 00010101 00000000 00000000  (L674)
00234 0008D0  0D500001  00001101 01010000 00000000 00000001  (L675)
00235 0008D4  0C400003  00001100 01000000 00000000 00000011  (L676)
00236 0008D8  07545000  00000111 01010100 01010000 00000000  (L677)
00237 0008DC  13150000  00010011 00010101 00000000 00000000  (L678)
00238 0008E0  12B10000  00010010 10110001 00000000 00000000  (L679)
00239 0008E4  0D100001  00001101 00010000 00000000 00000001  (L680)
0023A 0008E8  13B10000  00010011 10110001 00000000 00000000  (L681)
0023B 0008EC  0C100000  00001100 00010000 00000000 00000000  (L682)
0023C 0008F0  8C100400  10001100 00010000 00000100 00000000  (L683)
0023D 0008F4  8D1002C1  10001101 00010000 00000010 11000001  (L684)
0023E 0008F8  12150000  00010010 00010101 00000000 00000000  (L685)
0023F 0008FC  035C0000  00000011 01011100 00000000 00000000  (L686)
00240 000900  8CF0FFF0  10001100 11110000 11111111 11110000  (L687)
00241 000904  8DF00A30  10001101 11110000 00001010 00110000  (L688)
00242 000908  0F1F0000  00001111 00011111 00000000 00000000  (L689)
00243 00090C  0C500001  00001100 01010000 00000000 00000001  (L691)
00244 000910  13150000  00010011 00010101 00000000 00000000  (L692)
00245 000914  0C100000  00001100 00010000 00000000 00000000  (L693)
00246 000918  8C100400  10001100 00010000 00000100 00000000  (L694)
00247 00091C  8D100304  10001101 00010000 00000011 00000100  (L695)
00248 000920  12150000  00010010 00010101 00000000 00000000  (L696)
00249 000924  0C100000  00001100 00010000 00000000 00000000  (L697)
0024A 000928  8C100400  10001100 00010000 00000100 00000000  (L698)
0024B 00092C  8D10030C  10001101 00010000 00000011 00001100  (L699)
0024C 000930  52110000  01010010 00010001 00000000 00000000  (L700)
0024D 000934  531C000C  01010011 00011100 00000000 00001100  (L701)
0024E 000938  531C0008  01010011 00011100 00000000 00001000  (L702)
0024F 00093C  531C0004  01010011 00011100 00000000 00000100  (L703)
00250 000940  0A5D5000  00001010 01011101 01010000 00000000  (L704)
00251 000944  02533000  00000010 01010011 00110000 00000000  (L705)
00252 000948  52330000  01010010 00110011 00000000 00000000  (L706)
00253 00094C  82306000  10000010 00110000 01100000 00000000  (L707)
00254 000950  0D60FFFF  00001101 01100000 11111111 11111111  (L708)
00255 000954  03460000  00000011 01000110 00000000 00000000  (L709)
00256 000958  8CF0FFF0  10001100 11110000 11111111 11110000  (L710)
00257 00095C  8DF00A28  10001101 11110000 00001010 00101000  (L711)
00258 000960  0F4F0000  00001111 01001111 00000000 00000000  (L712)
00259 000964  02522000  00000010 01010010 00100000 00000000  (L714)
0025A 000968  0C400002  00001100 01000000 00000000 00000010  (L715)
0025B 00096C  0A644000  00001010 01100100 01000000 00000000  (L716)
0025C 000970  0C500000  00001100 01010000 00000000 00000000  (L717)
0025D 000974  8C500400  10001100 01010000 00000100 00000000  (L718)
0025E 000978  8D500010  10001101 01010000 00000000 00010000  (L719)
0025F 00097C  02544000  00000010 01010100 01000000 00000000  (L720)
00260 000980  52440000  01010010 01000100 00000000 00000000  (L721)
00261 000984  0E040000  00001110 00000100 00000000 00000000  (L722)
;
; [.LBB5_14:]
00262 000988  5223000C  01010010 00100011 00000000 00001100  (L724)
00263 00098C  5313000C  01010011 00010011 00000000 00001100  (L725)
00264 000990  12220004  00010010 00100010 00000000 00000100  (L726)
00265 000994  53120004  01010011 00010010 00000000 00000100  (L727)
00266 000998  0C300001  00001100 00110000 00000000 00000001  (L728)
00267 00099C  8CF0FFF0  10001100 11110000 11111111 11110000  (L729)
00268 0009A0  8DF00A2C  10001101 11110000 00001010 00101100  (L730)
00269 0009A4  0E0F0000  00001110 00001111 00000000 00000000  (L731)
;
; [.LBB5_10:]
0026A 0009A8  5319000C  01010011 00011001 00000000 00001100  (L733)
0026B 0009AC  0C800002  00001100 10000000 00000000 00000010  (L734)
0026C 0009B0  53180000  01010011 00011000 00000000 00000000  (L735)
0026D 0009B4  8CF0FFF0  10001100 11110000 11111111 11110000  (L736)
0026E 0009B8  8DF00A38  10001101 11110000 00001010 00111000  (L737)
0026F 0009BC  0E0F0000  00001110 00001111 00000000 00000000  (L738)
;
; [.LBB5_11:]
00270 0009C0  53190008  01010011 00011001 00000000 00001000  (L740)
00271 0009C4  531A0004  01010011 00011010 00000000 00000100  (L741)
00272 0009C8  0C800004  00001100 10000000 00000000 00000100  (L742)
00273 0009CC  53180000  01010011 00011000 00000000 00000000  (L743)
00274 0009D0  8CF0FFF0  10001100 11110000 11111111 11110000  (L744)
00275 0009D4  8DF00A38  10001101 11110000 00001010 00111000  (L745)
00276 0009D8  0E0F0000  00001110 00001111 00000000 00000000  (L746)
;
; [.LBB5_12:]
00277 0009DC  0C800000  00001100 10000000 00000000 00000000  (L748)
;
; [.LBB5_13:]
00278 0009E0  53180000  01010011 00011000 00000000 00000000  (L750)
00279 0009E4  8CF0FFF0  10001100 11110000 11111111 11110000  (L751)
0027A 0009E8  8DF00A38  10001101 11110000 00001010 00111000  (L752)
0027B 0009EC  0E0F0000  00001110 00001111 00000000 00000000  (L753)
;
; [.LBB5_15:]
0027C 0009F0  5222000C  01010010 00100010 00000000 00001100  (L755)
0027D 0009F4  5312000C  01010011 00010010 00000000 00001100  (L756)
0027E 0009F8  0C300002  00001100 00110000 00000000 00000010  (L757)
0027F 0009FC  8CF0FFF0  10001100 11110000 11111111 11110000  (L758)
00280 000A00  8DF00A2C  10001101 11110000 00001010 00101100  (L759)
00281 000A04  0E0F0000  00001110 00001111 00000000 00000000  (L760)
;
; [.LBB5_16:]
00282 000A08  5223000C  01010010 00100011 00000000 00001100  (L762)
00283 000A0C  53130008  01010011 00010011 00000000 00001000  (L763)
00284 000A10  52220000  01010010 00100010 00000000 00000000  (L764)
00285 000A14  53120004  01010011 00010010 00000000 00000100  (L765)
00286 000A18  0C300004  00001100 00110000 00000000 00000100  (L766)
00287 000A1C  8CF0FFF0  10001100 11110000 11111111 11110000  (L767)
00288 000A20  8DF00A2C  10001101 11110000 00001010 00101100  (L768)
00289 000A24  0E0F0000  00001110 00001111 00000000 00000000  (L769)
;
; [.LBB5_17:]
0028A 000A28  0C300000  00001100 00110000 00000000 00000000  (L771)
;
; [.LBB5_18:]
0028B 000A2C  53130000  01010011 00010011 00000000 00000000  (L773)
;
; [.LBB5_19:]
0028C 000A30  52E1FFFC  01010010 11100001 11111111 11111100  (L775)
0028D 000A34  15180000  00010101 00011000 00000000 00000000  (L777)
;
; [.LBB5_20:]
0028E 000A38  52EDFFE4  01010010 11101101 11111111 11100100  (L780)
0028F 000A3C  52ECFFE8  01010010 11101100 11111111 11101000  (L781)
00290 000A40  52EBFFEC  01010010 11101011 11111111 11101100  (L782)
00291 000A44  52EAFFF0  01010010 11101010 11111111 11110000  (L783)
00292 000A48  52E9FFF4  01010010 11101001 11111111 11110100  (L784)
00293 000A4C  52E8FFF8  01010010 11101000 11111111 11111000  (L785)
00294 000A50  8DE0FFE0  10001101 11100000 11111111 11100000  (L786)
00295 000A54  11000000  00010001 00000000 00000000 00000000  (L787)
;
; [initTty:]
00296 000A58  8DE0000C  10001101 11100000 00000000 00001100  (L812)
00297 000A5C  53E8FFFC  01010011 11101000 11111111 11111100  (L813)
00298 000A60  53E9FFF8  01010011 11101001 11111111 11111000  (L814)
00299 000A64  0C200000  00001100 00100000 00000000 00000000  (L815)
0029A 000A68  0C300000  00001100 00110000 00000000 00000000  (L816)
0029B 000A6C  8C300400  10001100 00110000 00000100 00000000  (L817)
0029C 000A70  8D300304  10001101 00110000 00000011 00000100  (L818)
0029D 000A74  13320000  00010011 00110010 00000000 00000000  (L819)
0029E 000A78  0C300000  00001100 00110000 00000000 00000000  (L820)
0029F 000A7C  8C300400  10001100 00110000 00000100 00000000  (L821)
002A0 000A80  8D300305  10001101 00110000 00000011 00000101  (L822)
002A1 000A84  13320000  00010011 00110010 00000000 00000000  (L823)
002A2 000A88  0C300000  00001100 00110000 00000000 00000000  (L824)
002A3 000A8C  8C300400  10001100 00110000 00000100 00000000  (L825)
002A4 000A90  8D300306  10001101 00110000 00000011 00000110  (L826)
002A5 000A94  13320000  00010011 00110010 00000000 00000000  (L827)
002A6 000A98  0C300000  00001100 00110000 00000000 00000000  (L828)
002A7 000A9C  8C300400  10001100 00110000 00000100 00000000  (L829)
002A8 000AA0  8D3002C1  10001101 00110000 00000010 11000001  (L830)
002A9 000AA4  13320000  00010011 00110010 00000000 00000000  (L831)
002AA 000AA8  0C200003  00001100 00100000 00000000 00000011  (L832)
002AB 000AAC  53120004  01010011 00010010 00000000 00000100  (L833)
002AC 000AB0  52120010  01010010 00010010 00000000 00010000  (L834)
002AD 000AB4  0C300000  00001100 00110000 00000000 00000000  (L835)
002AE 000AB8  8C300400  10001100 00110000 00000100 00000000  (L836)
002AF 000ABC  8D30030C  10001101 00110000 00000011 00001100  (L837)
002B0 000AC0  53320000  01010011 00110010 00000000 00000000  (L838)
002B1 000AC4  52120024  01010010 00010010 00000000 00100100  (L839)
002B2 000AC8  02218000  00000010 00100001 10000000 00000000  (L840)
002B3 000ACC  0C1000FF  00001100 00010000 00000000 11111111  (L841)
002B4 000AD0  52820000  01010010 10000010 00000000 00000000  (L842)
002B5 000AD4  07211000  00000111 00100001 00010000 00000000  (L843)
002B6 000AD8  0C200005  00001100 00100000 00000000 00000101  (L844)
002B7 000ADC  03120000  00000011 00010010 00000000 00000000  (L845)
002B8 000AE0  8CF0FFF0  10001100 11110000 11111111 11110000  (L846)
002B9 000AE4  8DF00B40  10001101 11110000 00001011 01000000  (L847)
002BA 000AE8  0F1F0000  00001111 00011111 00000000 00000000  (L848)
002BB 000AEC  52890000  01010010 10001001 00000000 00000000  (L850)
002BC 000AF0  0C100000  00001100 00010000 00000000 00000000  (L851)
002BD 000AF4  8C10FEE0  10001100 00010000 11111110 11100000  (L852)
002BE 000AF8  8D10002C  10001101 00010000 00000000 00101100  (L853)
002BF 000AFC  53810004  01010011 10000001 00000000 00000100  (L854)
002C0 000B00  0C10007F  00001100 00010000 00000000 01111111  (L855)
002C1 000B04  53810008  01010011 10000001 00000000 00001000  (L856)
002C2 000B08  0C200000  00001100 00100000 00000000 00000000  (L857)
002C3 000B0C  8C20FFF0  10001100 00100000 11111111 11110000  (L858)
002C4 000B10  8D2005B8  10001101 00100000 00000101 10111000  (L859)
002C5 000B14  8CF0FFF0  10001100 11110000 11111111 11110000  (L860)
002C6 000B18  8DF01B5C  10001101 11110000 00011011 01011100  (L861)
002C7 000B1C  100F0000  00010000 00001111 00000000 00000000  (L862)
002C8 000B20  0C10000D  00001100 00010000 00000000 00001101  (L863)
002C9 000B24  09911000  00001001 10010001 00010000 00000000  (L864)
002CA 000B28  0C200070  00001100 00100000 00000000 01110000  (L865)
002CB 000B2C  07121000  00000111 00010010 00010000 00000000  (L866)
002CC 000B30  0C200001  00001100 00100000 00000000 00000001  (L867)
002CD 000B34  06121000  00000110 00010010 00010000 00000000  (L868)
002CE 000B38  06111000  00000110 00010001 00010000 00000000  (L869)
002CF 000B3C  53810000  01010011 10000001 00000000 00000000  (L870)
;
; [.LBB6_2:]
002D0 000B40  52E9FFF8  01010010 11101001 11111111 11111000  (L872)
002D1 000B44  52E8FFFC  01010010 11101000 11111111 11111100  (L873)
002D2 000B48  8DE0FFF4  10001101 11100000 11111111 11110100  (L874)
002D3 000B4C  11000000  00010001 00000000 00000000 00000000  (L875)
;
; [initGpu:]
002D4 000B50  8DE00004  10001101 11100000 00000000 00000100  (L883)
002D5 000B54  0C200000  00001100 00100000 00000000 00000000  (L884)
002D6 000B58  53120004  01010011 00010010 00000000 00000100  (L885)
002D7 000B5C  8DE0FFFC  10001101 11100000 11111111 11111100  (L886)
002D8 000B60  11000000  00010001 00000000 00000000 00000000  (L887)
;
; [gpuWrite:]
002D9 000B64  8DE00004  10001101 11100000 00000000 00000100  (L895)
002DA 000B68  8DE0FFFC  10001101 11100000 11111111 11111100  (L896)
002DB 000B6C  11000000  00010001 00000000 00000000 00000000  (L897)
;
; [displaySearch:]
002DC 000B70  8DE00018  10001101 11100000 00000000 00011000  (L905)
002DD 000B74  53E8FFFC  01010011 11101000 11111111 11111100  (L906)
002DE 000B78  53E9FFF8  01010011 11101001 11111111 11111000  (L907)
002DF 000B7C  53EAFFF4  01010011 11101010 11111111 11110100  (L908)
002E0 000B80  53EBFFF0  01010011 11101011 11111111 11110000  (L909)
002E1 000B84  53ECFFEC  01010011 11101100 11111111 11101100  (L910)
002E2 000B88  0C100000  00001100 00010000 00000000 00000000  (L911)
002E3 000B8C  8C100007  10001100 00010000 00000000 00000111  (L912)
002E4 000B90  8D100000  10001101 00010000 00000000 00000000  (L913)
002E5 000B94  8CF0FFF0  10001100 11110000 11111111 11110000  (L914)
002E6 000B98  8DF01890  10001101 11110000 00011000 10010000  (L915)
002E7 000B9C  100F0000  00010000 00001111 00000000 00000000  (L916)
002E8 000BA0  0C200000  00001100 00100000 00000000 00000000  (L917)
002E9 000BA4  03120000  00000011 00010010 00000000 00000000  (L918)
002EA 000BA8  8CF0FFF0  10001100 11110000 11111111 11110000  (L919)
002EB 000BAC  8DF00D64  10001101 11110000 00001101 01100100  (L920)
002EC 000BB0  0F2F0000  00001111 00101111 00000000 00000000  (L921)
002ED 000BB4  0C300014  00001100 00110000 00000000 00010100  (L923)
002EE 000BB8  04134000  00000100 00010011 01000000 00000000  (L924)
002EF 000BBC  0C500000  00001100 01010000 00000000 00000000  (L925)
002F0 000BC0  8C500400  10001100 01010000 00000100 00000000  (L926)
002F1 000BC4  8D500128  10001101 01010000 00000001 00101000  (L927)
002F2 000BC8  52550000  01010010 01010101 00000000 00000000  (L928)
002F3 000BCC  02544000  00000010 01010100 01000000 00000000  (L929)
002F4 000BD0  12450010  00010010 01000101 00000000 00010000  (L930)
002F5 000BD4  12460011  00010010 01000110 00000000 00010001  (L931)
002F6 000BD8  12440012  00010010 01000100 00000000 00010010  (L932)
002F7 000BDC  0C700000  00001100 01110000 00000000 00000000  (L933)
002F8 000BE0  8C700400  10001100 01110000 00000100 00000000  (L934)
002F9 000BE4  8D700304  10001101 01110000 00000011 00000100  (L935)
002FA 000BE8  13720000  00010011 01110010 00000000 00000000  (L936)
002FB 000BEC  0C700000  00001100 01110000 00000000 00000000  (L937)
002FC 000BF0  8C700400  10001100 01110000 00000100 00000000  (L938)
002FD 000BF4  8D700305  10001101 01110000 00000011 00000101  (L939)
002FE 000BF8  13720000  00010011 01110010 00000000 00000000  (L940)
002FF 000BFC  0C700000  00001100 01110000 00000000 00000000  (L941)
00300 000C00  8C700400  10001100 01110000 00000100 00000000  (L942)
00301 000C04  8D700306  10001101 01110000 00000011 00000110  (L943)
00302 000C08  13720000  00010011 01110010 00000000 00000000  (L944)
00303 000C0C  0C700000  00001100 01110000 00000000 00000000  (L945)
00304 000C10  8C700400  10001100 01110000 00000100 00000000  (L946)
00305 000C14  8D7002C1  10001101 01110000 00000010 11000001  (L947)
00306 000C18  13720000  00010011 01110010 00000000 00000000  (L948)
00307 000C1C  0A532000  00001010 01010011 00100000 00000000  (L949)
00308 000C20  0C30000F  00001100 00110000 00000000 00001111  (L950)
00309 000C24  0A633000  00001010 01100011 00110000 00000000  (L951)
0030A 000C28  06322000  00000110 00110010 00100000 00000000  (L952)
0030B 000C2C  0C30000C  00001100 00110000 00000000 00001100  (L953)
0030C 000C30  0A433000  00001010 01000011 00110000 00000000  (L954)
0030D 000C34  06222000  00000110 00100010 00100000 00000000  (L955)
0030E 000C38  06232000  00000110 00100011 00100000 00000000  (L956)
0030F 000C3C  06222000  00000110 00100010 00100000 00000000  (L957)
00310 000C40  0C300000  00001100 00110000 00000000 00000000  (L958)
00311 000C44  8C30E000  10001100 00110000 11100000 00000000  (L959)
00312 000C48  8D300004  10001101 00110000 00000000 00000100  (L960)
00313 000C4C  06233000  00000110 00100011 00110000 00000000  (L961)
00314 000C50  06333000  00000110 00110011 00110000 00000000  (L962)
00315 000C54  0C400003  00001100 01000000 00000000 00000011  (L963)
00316 000C58  53340000  01010011 00110100 00000000 00000000  (L964)
00317 000C5C  0C300000  00001100 00110000 00000000 00000000  (L965)
00318 000C60  8C30E000  10001100 00110000 11100000 00000000  (L966)
00319 000C64  8D300010  10001101 00110000 00000000 00010000  (L967)
0031A 000C68  06233000  00000110 00100011 00110000 00000000  (L968)
0031B 000C6C  06333000  00000110 00110011 00110000 00000000  (L969)
0031C 000C70  52330000  01010010 00110011 00000000 00000000  (L970)
0031D 000C74  0C400000  00001100 01000000 00000000 00000000  (L971)
0031E 000C78  8C400400  10001100 01000000 00000100 00000000  (L972)
0031F 000C7C  8D40030C  10001101 01000000 00000011 00001100  (L973)
00320 000C80  53430000  01010011 01000011 00000000 00000000  (L974)
00321 000C84  0C300000  00001100 00110000 00000000 00000000  (L975)
00322 000C88  8C30E000  10001100 00110000 11100000 00000000  (L976)
00323 000C8C  8D300024  10001101 00110000 00000000 00100100  (L977)
00324 000C90  06233000  00000110 00100011 00110000 00000000  (L978)
00325 000C94  0C400000  00001100 01000000 00000000 00000000  (L979)
00326 000C98  8C40E000  10001100 01000000 11100000 00000000  (L980)
00327 000C9C  8D400000  10001101 01000000 00000000 00000000  (L981)
00328 000CA0  06242000  00000110 00100100 00100000 00000000  (L982)
00329 000CA4  06228000  00000110 00100010 10000000 00000000  (L983)
0032A 000CA8  06332000  00000110 00110011 00100000 00000000  (L984)
0032B 000CAC  52220000  01010010 00100010 00000000 00000000  (L985)
0032C 000CB0  02289000  00000010 00101000 10010000 00000000  (L986)
0032D 000CB4  0C2000FF  00001100 00100000 00000000 11111111  (L987)
0032E 000CB8  52930000  01010010 10010011 00000000 00000000  (L988)
0032F 000CBC  07322000  00000111 00110010 00100000 00000000  (L989)
00330 000CC0  0C300005  00001100 00110000 00000000 00000101  (L990)
00331 000CC4  03230000  00000011 00100011 00000000 00000000  (L991)
00332 000CC8  8CF0FFF0  10001100 11110000 11111111 11110000  (L992)
00333 000CCC  8DF00D34  10001101 11110000 00001101 00110100  (L993)
00334 000CD0  0F1F0000  00001111 00011111 00000000 00000000  (L994)
00335 000CD4  0CB00001  00001100 10110000 00000000 00000001  (L996)
00336 000CD8  529C0000  01010010 10011100 00000000 00000000  (L997)
00337 000CDC  0C200000  00001100 00100000 00000000 00000000  (L998)
00338 000CE0  8C20FEE0  10001100 00100000 11111110 11100000  (L999)
00339 000CE4  8D20002C  10001101 00100000 00000000 00101100  (L1000)
0033A 000CE8  53920004  01010011 10010010 00000000 00000100  (L1001)
0033B 000CEC  0C20007F  00001100 00100000 00000000 01111111  (L1002)
0033C 000CF0  53920008  01010011 10010010 00000000 00001000  (L1003)
0033D 000CF4  8210A000  10000010 00010000 10100000 00000000  (L1004)
0033E 000CF8  82201000  10000010 00100000 00010000 00000000  (L1005)
0033F 000CFC  0C200000  00001100 00100000 00000000 00000000  (L1006)
00340 000D00  8C20FFF0  10001100 00100000 11111111 11110000  (L1007)
00341 000D04  8D2005B8  10001101 00100000 00000101 10111000  (L1008)
00342 000D08  8CF0FFF0  10001100 11110000 11111111 11110000  (L1009)
00343 000D0C  8DF01B5C  10001101 11110000 00011011 01011100  (L1010)
00344 000D10  100F0000  00010000 00001111 00000000 00000000  (L1011)
00345 000D14  82A01000  10000010 10100000 00010000 00000000  (L1012)
00346 000D18  0C20000D  00001100 00100000 00000000 00001101  (L1013)
00347 000D1C  09C22000  00001001 11000010 00100000 00000000  (L1014)
00348 000D20  0C300070  00001100 00110000 00000000 01110000  (L1015)
00349 000D24  07232000  00000111 00100011 00100000 00000000  (L1016)
0034A 000D28  062B2000  00000110 00101011 00100000 00000000  (L1017)
0034B 000D2C  06222000  00000110 00100010 00100000 00000000  (L1018)
0034C 000D30  53920000  01010011 10010010 00000000 00000000  (L1019)
;
; [.LBB9_3:]
0034D 000D34  0C200000  00001100 00100000 00000000 00000000  (L1021)
0034E 000D38  8C20FFF0  10001100 00100000 11111111 11110000  (L1022)
0034F 000D3C  8D200738  10001101 00100000 00000111 00111000  (L1023)
00350 000D40  0C300000  00001100 00110000 00000000 00000000  (L1024)
00351 000D44  8C300400  10001100 00110000 00000100 00000000  (L1025)
00352 000D48  8D300308  10001101 00110000 00000011 00001000  (L1026)
00353 000D4C  53320000  01010011 00110010 00000000 00000000  (L1027)
00354 000D50  0C200000  00001100 00100000 00000000 00000000  (L1028)
00355 000D54  8C200400  10001100 00100000 00000100 00000000  (L1029)
00356 000D58  8D200310  10001101 00100000 00000011 00010000  (L1030)
00357 000D5C  53280000  01010011 00101000 00000000 00000000  (L1031)
00358 000D60  0C200001  00001100 00100000 00000000 00000001  (L1032)
;
; [.LBB9_4:]
00359 000D64  0C300000  00001100 00110000 00000000 00000000  (L1034)
0035A 000D68  8C300400  10001100 00110000 00000100 00000000  (L1035)
0035B 000D6C  8D300314  10001101 00110000 00000011 00010100  (L1036)
0035C 000D70  13320000  00010011 00110010 00000000 00000000  (L1037)
0035D 000D74  0C200000  00001100 00100000 00000000 00000000  (L1038)
0035E 000D78  8C200000  10001100 00100000 00000000 00000000  (L1039)
0035F 000D7C  8D20FFFF  10001101 00100000 11111111 11111111  (L1040)
00360 000D80  08121000  00001000 00010010 00010000 00000000  (L1041)
00361 000D84  0C20001F  00001100 00100000 00000000 00011111  (L1042)
00362 000D88  09121000  00001001 00010010 00010000 00000000  (L1043)
00363 000D8C  52ECFFEC  01010010 11101100 11111111 11101100  (L1044)
00364 000D90  52EBFFF0  01010010 11101011 11111111 11110000  (L1045)
00365 000D94  52EAFFF4  01010010 11101010 11111111 11110100  (L1046)
00366 000D98  52E9FFF8  01010010 11101001 11111111 11111000  (L1047)
00367 000D9C  52E8FFFC  01010010 11101000 11111111 11111100  (L1048)
00368 000DA0  8DE0FFE8  10001101 11100000 11111111 11101000  (L1049)
00369 000DA4  11000000  00010001 00000000 00000000 00000000  (L1050)
;
; [strlen:]
0036A 000DA8  8DE00004  10001101 11100000 00000000 00000100  (L1058)
0036B 000DAC  82102000  10000010 00010000 00100000 00000000  (L1059)
0036C 000DB0  0D20FFFF  00001101 00100000 11111111 11111111  (L1060)
0036D 000DB4  0C300000  00001100 00110000 00000000 00000000  (L1061)
;
; [.LBB10_1:]
0036E 000DB8  12240001  00010010 00100100 00000000 00000001  (L1064)
0036F 000DBC  0D200001  00001101 00100000 00000000 00000001  (L1065)
00370 000DC0  03430000  00000011 01000011 00000000 00000000  (L1066)
00371 000DC4  8CF0FFF0  10001100 11110000 11111111 11110000  (L1067)
00372 000DC8  8DF00DB8  10001101 11110000 00001101 10111000  (L1068)
00373 000DCC  0F1F0000  00001111 00011111 00000000 00000000  (L1069)
00374 000DD0  03211000  00000011 00100001 00010000 00000000  (L1071)
00375 000DD4  8DE0FFFC  10001101 11100000 11111111 11111100  (L1072)
00376 000DD8  11000000  00010001 00000000 00000000 00000000  (L1073)
;
; [biosWrite:]
00377 000DDC  8DE00008  10001101 11100000 00000000 00001000  (L1081)
00378 000DE0  53E8FFFC  01010011 11101000 11111111 11111100  (L1082)
00379 000DE4  82203000  10000010 00100000 00110000 00000000  (L1083)
0037A 000DE8  12120000  00010010 00010010 00000000 00000000  (L1084)
0037B 000DEC  0C400008  00001100 01000000 00000000 00001000  (L1085)
0037C 000DF0  03240000  00000011 00100100 00000000 00000000  (L1086)
0037D 000DF4  8CF0FFF0  10001100 11110000 11111111 11110000  (L1087)
0037E 000DF8  8DF00E50  10001101 11110000 00001110 01010000  (L1088)
0037F 000DFC  0F1F0000  00001111 00011111 00000000 00000000  (L1089)
00380 000E00  12120001  00010010 00010010 00000000 00000001  (L1091)
00381 000E04  0C400000  00001100 01000000 00000000 00000000  (L1092)
00382 000E08  03240000  00000011 00100100 00000000 00000000  (L1093)
00383 000E0C  8CF0FFF0  10001100 11110000 11111111 11110000  (L1094)
00384 000E10  8DF00EB8  10001101 11110000 00001110 10111000  (L1095)
00385 000E14  0F1F0000  00001111 00011111 00000000 00000000  (L1096)
00386 000E18  0C200001  00001100 00100000 00000000 00000001  (L1098)
00387 000E1C  03230000  00000011 00100011 00000000 00000000  (L1099)
00388 000E20  8CF0FFF0  10001100 11110000 11111111 11110000  (L1100)
00389 000E24  8DF00E30  10001101 11110000 00001110 00110000  (L1101)
0038A 000E28  0F4F0000  00001111 01001111 00000000 00000000  (L1102)
0038B 000E2C  82203000  10000010 00100000 00110000 00000000  (L1104)
;
; [.LBB11_4:]
0038C 000E30  0C200000  00001100 00100000 00000000 00000000  (L1106)
0038D 000E34  8C200400  10001100 00100000 00000100 00000000  (L1107)
0038E 000E38  8D200308  10001101 00100000 00000011 00001000  (L1108)
0038F 000E3C  52240000  01010010 00100100 00000000 00000000  (L1109)
00390 000E40  0C200002  00001100 00100000 00000000 00000010  (L1110)
00391 000E44  8CF0FFF0  10001100 11110000 11111111 11110000  (L1111)
00392 000E48  8DF00EE4  10001101 11110000 00001110 11100100  (L1112)
00393 000E4C  0E0F0000  00001110 00001111 00000000 00000000  (L1113)
;
; [.LBB11_5:]
00394 000E50  0C400000  00001100 01000000 00000000 00000000  (L1115)
00395 000E54  03340000  00000011 00110100 00000000 00000000  (L1116)
00396 000E58  8CF0FFF0  10001100 11110000 11111111 11110000  (L1117)
00397 000E5C  8DF00EA4  10001101 11110000 00001110 10100100  (L1118)
00398 000E60  0F1F0000  00001111 00011111 00000000 00000000  (L1119)
00399 000E64  03240000  00000011 00100100 00000000 00000000  (L1121)
0039A 000E68  8CF0FFF0  10001100 11110000 11111111 11110000  (L1122)
0039B 000E6C  8DF00EA4  10001101 11110000 00001110 10100100  (L1123)
0039C 000E70  0F1F0000  00001111 00011111 00000000 00000000  (L1124)
0039D 000E74  0C100000  00001100 00010000 00000000 00000000  (L1126)
0039E 000E78  8C100400  10001100 00010000 00000100 00000000  (L1127)
0039F 000E7C  8D100308  10001101 00010000 00000011 00001000  (L1128)
003A0 000E80  52140000  01010010 00010100 00000000 00000000  (L1129)
003A1 000E84  0C200003  00001100 00100000 00000000 00000011  (L1130)
003A2 000E88  0C300000  00001100 00110000 00000000 00000000  (L1131)
003A3 000E8C  0C100000  00001100 00010000 00000000 00000000  (L1132)
003A4 000E90  8C100400  10001100 00010000 00000100 00000000  (L1133)
003A5 000E94  8D100061  10001101 00010000 00000000 01100001  (L1134)
003A6 000E98  8CF0FFF0  10001100 11110000 11111111 11110000  (L1135)
003A7 000E9C  8DF00EE4  10001101 11110000 00001110 11100100  (L1136)
003A8 000EA0  0E0F0000  00001110 00001111 00000000 00000000  (L1137)
;
; [.LBB11_8:]
003A9 000EA4  12120001  00010010 00010010 00000000 00000001  (L1139)
003AA 000EA8  03240000  00000011 00100100 00000000 00000000  (L1140)
003AB 000EAC  8CF0FFF0  10001100 11110000 11111111 11110000  (L1141)
003AC 000EB0  8DF00EF4  10001101 11110000 00001110 11110100  (L1142)
003AD 000EB4  0F0F0000  00001111 00001111 00000000 00000000  (L1143)
;
; [.LBB11_9:]
003AE 000EB8  82108000  10000010 00010000 10000000 00000000  (L1145)
003AF 000EBC  8CF0FFF0  10001100 11110000 11111111 11110000  (L1146)
003B0 000EC0  8DF00DA8  10001101 11110000 00001101 10101000  (L1147)
003B1 000EC4  100F0000  00010000 00001111 00000000 00000000  (L1148)
003B2 000EC8  82103000  10000010 00010000 00110000 00000000  (L1149)
003B3 000ECC  0C100000  00001100 00010000 00000000 00000000  (L1150)
003B4 000ED0  8C100400  10001100 00010000 00000100 00000000  (L1151)
003B5 000ED4  8D100308  10001101 00010000 00000011 00001000  (L1152)
003B6 000ED8  52140000  01010010 00010100 00000000 00000000  (L1153)
003B7 000EDC  0C200004  00001100 00100000 00000000 00000100  (L1154)
003B8 000EE0  82801000  10000010 10000000 00010000 00000000  (L1155)
;
; [.LBB11_13:]
003B9 000EE4  10040000  00010000 00000100 00000000 00000000  (L1157)
003BA 000EE8  52E8FFFC  01010010 11101000 11111111 11111100  (L1158)
003BB 000EEC  8DE0FFF8  10001101 11100000 11111111 11111000  (L1159)
003BC 000EF0  11000000  00010001 00000000 00000000 00000000  (L1160)
;
; [.LBB11_10:]
003BD 000EF4  0C200001  00001100 00100000 00000000 00000001  (L1162)
003BE 000EF8  03230000  00000011 00100011 00000000 00000000  (L1163)
003BF 000EFC  8CF0FFF0  10001100 11110000 11111111 11110000  (L1164)
003C0 000F00  8DF00F0C  10001101 11110000 00001111 00001100  (L1165)
003C1 000F04  0F4F0000  00001111 01001111 00000000 00000000  (L1166)
003C2 000F08  82203000  10000010 00100000 00110000 00000000  (L1168)
;
; [.LBB11_12:]
003C3 000F0C  0C400000  00001100 01000000 00000000 00000000  (L1170)
003C4 000F10  8C400400  10001100 01000000 00000100 00000000  (L1171)
003C5 000F14  8D400308  10001101 01000000 00000011 00001000  (L1172)
003C6 000F18  52440000  01010010 01000100 00000000 00000000  (L1173)
003C7 000F1C  8CF0FFF0  10001100 11110000 11111111 11110000  (L1174)
003C8 000F20  8DF00EE4  10001101 11110000 00001110 11100100  (L1175)
003C9 000F24  0E0F0000  00001110 00001111 00000000 00000000  (L1176)
;
; [intToAscii:]
003CA 000F28  8DE00018  10001101 11100000 00000000 00011000  (L1184)
003CB 000F2C  53E8FFFC  01010011 11101000 11111111 11111100  (L1185)
003CC 000F30  53E9FFF8  01010011 11101001 11111111 11111000  (L1186)
003CD 000F34  53EAFFF4  01010011 11101010 11111111 11110100  (L1187)
003CE 000F38  53EBFFF0  01010011 11101011 11111111 11110000  (L1188)
003CF 000F3C  53ECFFEC  01010011 11101100 11111111 11101100  (L1189)
003D0 000F40  82108000  10000010 00010000 10000000 00000000  (L1190)
003D1 000F44  14890000  00010100 10001001 00000000 00000000  (L1192)
003D2 000F48  8CF0FFF0  10001100 11110000 11111111 11110000  (L1194)
003D3 000F4C  8DF01C94  10001101 11110000 00011100 10010100  (L1195)
003D4 000F50  100F0000  00010000 00001111 00000000 00000000  (L1196)
003D5 000F54  0C100000  00001100 00010000 00000000 00000000  (L1197)
003D6 000F58  8C100400  10001100 00010000 00000100 00000000  (L1198)
003D7 000F5C  8D100418  10001101 00010000 00000100 00011000  (L1199)
003D8 000F60  52120000  01010010 00010010 00000000 00000000  (L1200)
003D9 000F64  82203000  10000010 00100000 00110000 00000000  (L1201)
003DA 000F68  0D300001  00001101 00110000 00000000 00000001  (L1202)
003DB 000F6C  0C400007  00001100 01000000 00000000 00000111  (L1203)
003DC 000F70  07343000  00000111 00110100 00110000 00000000  (L1204)
003DD 000F74  53130000  01010011 00010011 00000000 00000000  (L1205)
003DE 000F78  15980000  00010101 10011000 00000000 00000000  (L1207)
003DF 000F7C  0C100005  00001100 00010000 00000000 00000101  (L1209)
003E0 000F80  0A211000  00001010 00100001 00010000 00000000  (L1210)
003E1 000F84  0C200000  00001100 00100000 00000000 00000000  (L1211)
003E2 000F88  8C200400  10001100 00100000 00000100 00000000  (L1212)
003E3 000F8C  8D200334  10001101 00100000 00000011 00110100  (L1213)
003E4 000F90  02123000  00000010 00010010 00110000 00000000  (L1214)
003E5 000F94  0C200000  00001100 00100000 00000000 00000000  (L1215)
003E6 000F98  13320000  00010011 00110010 00000000 00000000  (L1216)
003E7 000F9C  03820000  00000011 10000010 00000000 00000000  (L1217)
003E8 000FA0  8CF0FFF0  10001100 11110000 11111111 11110000  (L1218)
003E9 000FA4  8DF010A4  10001101 11110000 00010000 10100100  (L1219)
003EA 000FA8  0F0F0000  00001111 00001111 00000000 00000000  (L1220)
003EB 000FAC  0C30001F  00001100 00110000 00000000 00011111  (L1222)
003EC 000FB0  0C400001  00001100 01000000 00000000 00000001  (L1223)
003ED 000FB4  82805000  10000010 10000000 01010000 00000000  (L1224)
003EE 000FB8  03320000  00000011 00110010 00000000 00000000  (L1225)
003EF 000FBC  8CF0FFF0  10001100 11110000 11111111 11110000  (L1226)
003F0 000FC0  8DF00FD4  10001101 11110000 00001111 11010100  (L1227)
003F1 000FC4  0F0F0000  00001111 00001111 00000000 00000000  (L1228)
003F2 000FC8  09835000  00001001 10000011 01010000 00000000  (L1230)
003F3 000FCC  0A546000  00001010 01010100 01100000 00000000  (L1231)
003F4 000FD0  03565000  00000011 01010110 01010000 00000000  (L1232)
;
; [.LBB12_3:]
003F5 000FD4  08856000  00001000 10000101 01100000 00000000  (L1234)
003F6 000FD8  03659000  00000011 01100101 10010000 00000000  (L1235)
003F7 000FDC  0C500000  00001100 01010000 00000000 00000000  (L1236)
003F8 000FE0  8C500400  10001100 01010000 00000100 00000000  (L1237)
003F9 000FE4  8D500333  10001101 01010000 00000011 00110011  (L1238)
003FA 000FE8  02151000  00000010 00010101 00010000 00000000  (L1239)
003FB 000FEC  0C500000  00001100 01010000 00000000 00000000  (L1240)
003FC 000FF0  8C50CCCD  10001100 01010000 11001100 11001101  (L1241)
003FD 000FF4  8D50CCCD  10001101 01010000 11001100 11001101  (L1242)
003FE 000FF8  0C600003  00001100 01100000 00000000 00000011  (L1243)
003FF 000FFC  0C7000F6  00001100 01110000 00000000 11110110  (L1244)
00400 001000  8CF0FFF0  10001100 11110000 11111111 11110000  (L1245)
00401 001004  8DF0104C  10001101 11110000 00010000 01001100  (L1246)
00402 001008  0E0F0000  00001110 00001111 00000000 00000000  (L1247)
;
; [.LBB12_6:]
00403 00100C  07A5A000  00000111 10100101 10100000 00000000  (L1250)
00404 001010  0495B000  00000100 10010101 10110000 00000000  (L1251)
00405 001014  0BC00000  00001011 11000000 00000000 00000000  (L1252)
00406 001018  02CAA000  00000010 11001010 10100000 00000000  (L1253)
00407 00101C  02A9A000  00000010 10101001 10100000 00000000  (L1254)
00408 001020  09A6A000  00001001 10100110 10100000 00000000  (L1255)
00409 001024  04A7B000  00000100 10100111 10110000 00000000  (L1256)
0040A 001028  02B99000  00000010 10111001 10010000 00000000  (L1257)
0040B 00102C  0D900030  00001101 10010000 00000000 00110000  (L1258)
0040C 001030  13190000  00010011 00011001 00000000 00000000  (L1259)
0040D 001034  0D10FFFF  00001101 00010000 11111111 11111111  (L1260)
0040E 001038  82A09000  10000010 10100000 10010000 00000000  (L1261)
0040F 00103C  03A20000  00000011 10100010 00000000 00000000  (L1262)
00410 001040  8CF0FFF0  10001100 11110000 11111111 11110000  (L1263)
00411 001044  8DF01078  10001101 11110000 00010000 01111000  (L1264)
00412 001048  0F0F0000  00001111 00001111 00000000 00000000  (L1265)
;
; [.LBB12_4:]
00413 00104C  8290A000  10000010 10010000 10100000 00000000  (L1268)
00414 001050  03320000  00000011 00110010 00000000 00000000  (L1269)
00415 001054  8CF0FFF0  10001100 11110000 11111111 11110000  (L1270)
00416 001058  8DF0100C  10001101 11110000 00010000 00001100  (L1271)
00417 00105C  0F0F0000  00001111 00001111 00000000 00000000  (L1272)
00418 001060  0993A000  00001001 10010011 10100000 00000000  (L1275)
00419 001064  0AA4B000  00001010 10100100 10110000 00000000  (L1276)
0041A 001068  03ABA000  00000011 10101011 10100000 00000000  (L1277)
0041B 00106C  8CF0FFF0  10001100 11110000 11111111 11110000  (L1278)
0041C 001070  8DF0100C  10001101 11110000 00010000 00001100  (L1279)
0041D 001074  0E0F0000  00001110 00001111 00000000 00000000  (L1280)
;
; [.LBB12_7:]
0041E 001078  0C200000  00001100 00100000 00000000 00000000  (L1282)
0041F 00107C  8C200000  10001100 00100000 00000000 00000000  (L1283)
00420 001080  8D20FFFF  10001101 00100000 11111111 11111111  (L1284)
00421 001084  03280000  00000011 00101000 00000000 00000000  (L1285)
00422 001088  8CF0FFF0  10001100 11110000 11111111 11110000  (L1286)
00423 00108C  8DF010CC  10001101 11110000 00010000 11001100  (L1287)
00424 001090  0F3F0000  00001111 00111111 00000000 00000000  (L1288)
00425 001094  0D100001  00001101 00010000 00000000 00000001  (L1290)
00426 001098  8CF0FFF0  10001100 11110000 11111111 11110000  (L1291)
00427 00109C  8DF010D4  10001101 11110000 00010000 11010100  (L1292)
00428 0010A0  0E0F0000  00001110 00001111 00000000 00000000  (L1293)
;
; [.LBB12_11:]
00429 0010A4  0C200000  00001100 00100000 00000000 00000000  (L1295)
0042A 0010A8  8C200400  10001100 00100000 00000100 00000000  (L1296)
0042B 0010AC  8D200315  10001101 00100000 00000011 00010101  (L1297)
0042C 0010B0  02121000  00000010 00010010 00010000 00000000  (L1298)
0042D 0010B4  0C200030  00001100 00100000 00000000 00110000  (L1299)
0042E 0010B8  1312001E  00010011 00010010 00000000 00011110  (L1300)
0042F 0010BC  0D10001E  00001101 00010000 00000000 00011110  (L1301)
00430 0010C0  8CF0FFF0  10001100 11110000 11111111 11110000  (L1302)
00431 0010C4  8DF010D4  10001101 11110000 00010000 11010100  (L1303)
00432 0010C8  0E0F0000  00001110 00001111 00000000 00000000  (L1304)
;
; [.LBB12_9:]
00433 0010CC  0C20002D  00001100 00100000 00000000 00101101  (L1306)
00434 0010D0  13120000  00010011 00010010 00000000 00000000  (L1307)
;
; [.LBB12_10:]
00435 0010D4  52ECFFEC  01010010 11101100 11111111 11101100  (L1309)
00436 0010D8  52EBFFF0  01010010 11101011 11111111 11110000  (L1310)
00437 0010DC  52EAFFF4  01010010 11101010 11111111 11110100  (L1311)
00438 0010E0  52E9FFF8  01010010 11101001 11111111 11111000  (L1312)
00439 0010E4  52E8FFFC  01010010 11101000 11111111 11111100  (L1313)
0043A 0010E8  8DE0FFE8  10001101 11100000 11111111 11101000  (L1314)
0043B 0010EC  11000000  00010001 00000000 00000000 00000000  (L1315)
;
; [bus_Enumeration:]
0043C 0010F0  8DE00034  10001101 11100000 00000000 00110100  (L1323)
0043D 0010F4  53E8FFE4  01010011 11101000 11111111 11100100  (L1324)
0043E 0010F8  53E9FFE0  01010011 11101001 11111111 11100000  (L1325)
0043F 0010FC  53EAFFDC  01010011 11101010 11111111 11011100  (L1326)
00440 001100  53EBFFD8  01010011 11101011 11111111 11011000  (L1327)
00441 001104  53ECFFD4  01010011 11101100 11111111 11010100  (L1328)
00442 001108  53EDFFD0  01010011 11101101 11111111 11010000  (L1329)
00443 00110C  82307000  10000010 00110000 01110000 00000000  (L1330)
00444 001110  82206000  10000010 00100000 01100000 00000000  (L1331)
00445 001114  82105000  10000010 00010000 01010000 00000000  (L1332)
00446 001118  0C1000FF  00001100 00010000 00000000 11111111  (L1333)
00447 00111C  03150000  00000011 00010101 00000000 00000000  (L1334)
00448 001120  8CF0FFF0  10001100 11110000 11111111 11110000  (L1335)
00449 001124  8DF01838  10001101 11110000 00011000 00111000  (L1336)
0044A 001128  0F4F0000  00001111 01001111 00000000 00000000  (L1337)
0044B 00112C  0C100014  00001100 00010000 00000000 00010100  (L1339)
0044C 001130  0A511000  00001010 01010001 00010000 00000000  (L1340)
0044D 001134  53E1FFF0  01010011 11100001 11111111 11110000  (L1341)
0044E 001138  0C900000  00001100 10010000 00000000 00000000  (L1342)
0044F 00113C  0C400001  00001100 01000000 00000000 00000001  (L1343)
00450 001140  0CB00000  00001100 10110000 00000000 00000000  (L1344)
00451 001144  8CB00400  10001100 10110000 00000100 00000000  (L1345)
00452 001148  8DB00620  10001101 10110000 00000110 00100000  (L1346)
00453 00114C  0C800000  00001100 10000000 00000000 00000000  (L1347)
00454 001150  8C80C000  10001100 10000000 11000000 00000000  (L1348)
00455 001154  8D800000  10001101 10000000 00000000 00000000  (L1349)
00456 001158  0CA00000  00001100 10100000 00000000 00000000  (L1350)
00457 00115C  8CA00400  10001100 10100000 00000100 00000000  (L1351)
00458 001160  8DA00128  10001101 10100000 00000001 00101000  (L1352)
00459 001164  53E9FFF4  01010011 11101001 11111111 11110100  (L1353)
0045A 001168  53E7FFF8  01010011 11100111 11111111 11111000  (L1354)
0045B 00116C  53E5FFFC  01010011 11100101 11111111 11111100  (L1355)
;
; [.LBB13_2:]
0045C 001170  8290D000  10000010 10010000 11010000 00000000  (L1359)
0045D 001174  82901000  10000010 10010000 00010000 00000000  (L1360)
;
; [.LBB13_3:]
0045E 001178  53E1FFE8  01010011 11100001 11111111 11101000  (L1364)
0045F 00117C  52E1FFF0  01010010 11100001 11111111 11110000  (L1365)
00460 001180  021DC000  00000010 00011101 11000000 00000000  (L1366)
00461 001184  0C100000  00001100 00010000 00000000 00000000  (L1367)
00462 001188  8C10E000  10001100 00010000 11100000 00000000  (L1368)
00463 00118C  8D100000  10001101 00010000 00000000 00000000  (L1369)
00464 001190  02C11000  00000010 11000001 00010000 00000000  (L1370)
00465 001194  52110000  01010010 00010001 00000000 00000000  (L1371)
00466 001198  0C200000  00001100 00100000 00000000 00000000  (L1372)
00467 00119C  8C200001  10001100 00100000 00000000 00000001  (L1373)
00468 0011A0  8D20FFFF  10001101 00100000 11111111 11111111  (L1374)
00469 0011A4  07121000  00000111 00010010 00010000 00000000  (L1375)
0046A 0011A8  03120000  00000011 00010010 00000000 00000000  (L1376)
0046B 0011AC  8CF0FFF0  10001100 11110000 11111111 11110000  (L1377)
0046C 0011B0  8DF01548  10001101 11110000 00010101 01001000  (L1378)
0046D 0011B4  0F0F0000  00001111 00001111 00000000 00000000  (L1379)
0046E 0011B8  52B10000  01010010 10110001 00000000 00000000  (L1382)
0046F 0011BC  0C20003F  00001100 00100000 00000000 00111111  (L1383)
00470 0011C0  03210000  00000011 00100001 00000000 00000000  (L1384)
00471 0011C4  8CF0FFF0  10001100 11110000 11111111 11110000  (L1385)
00472 0011C8  8DF01838  10001101 11110000 00011000 00111000  (L1386)
00473 0011CC  0F2F0000  00001111 00101111 00000000 00000000  (L1387)
00474 0011D0  52720000  01010010 01110010 00000000 00000000  (L1390)
00475 0011D4  02282000  00000010 00101000 00100000 00000000  (L1391)
00476 0011D8  0C300014  00001100 00110000 00000000 00010100  (L1392)
00477 0011DC  0CB00000  00001100 10110000 00000000 00000000  (L1393)
00478 0011E0  8CB0C000  10001100 10110000 11000000 00000000  (L1394)
00479 0011E4  8DB00000  10001101 10110000 00000000 00000000  (L1395)
0047A 0011E8  04138000  00000100 00010011 10000000 00000000  (L1396)
0047B 0011EC  52A10000  01010010 10100001 00000000 00000000  (L1397)
0047C 0011F0  02181000  00000010 00011000 00010000 00000000  (L1398)
0047D 0011F4  53120000  01010011 00010010 00000000 00000000  (L1399)
0047E 0011F8  13150010  00010011 00010101 00000000 00010000  (L1400)
0047F 0011FC  52E2FFF4  01010010 11100010 11111111 11110100  (L1401)
00480 001200  13120011  00010011 00010010 00000000 00010001  (L1402)
00481 001204  52E2FFE8  01010010 11100010 11111111 11101000  (L1403)
00482 001208  13120012  00010011 00010010 00000000 00010010  (L1404)
00483 00120C  0C200000  00001100 00100000 00000000 00000000  (L1405)
00484 001210  8C20E000  10001100 00100000 11100000 00000000  (L1406)
00485 001214  8D200008  10001101 00100000 00000000 00001000  (L1407)
00486 001218  02C22000  00000010 11000010 00100000 00000000  (L1408)
00487 00121C  522A0000  01010010 00101010 00000000 00000000  (L1409)
00488 001220  0C200018  00001100 00100000 00000000 00011000  (L1410)
00489 001224  09A22000  00001001 10100010 00100000 00000000  (L1411)
0048A 001228  0C30007F  00001100 00110000 00000000 01111111  (L1412)
0048B 00122C  07232000  00000111 00100011 00100000 00000000  (L1413)
0048C 001230  531A000C  01010011 00011010 00000000 00001100  (L1414)
0048D 001234  03240000  00000011 00100100 00000000 00000000  (L1415)
0048E 001238  8CF0FFF0  10001100 11110000 11111111 11110000  (L1416)
0048F 00123C  8DF01508  10001101 11110000 00010101 00001000  (L1417)
00490 001240  0F1F0000  00001111 00011111 00000000 00000000  (L1418)
00491 001244  52720000  01010010 01110010 00000000 00000000  (L1421)
00492 001248  0C300000  00001100 00110000 00000000 00000000  (L1422)
00493 00124C  8C300001  10001100 00110000 00000000 00000001  (L1423)
00494 001250  8D30FFFF  10001101 00110000 11111111 11111111  (L1424)
00495 001254  02232000  00000010 00100011 00100000 00000000  (L1425)
00496 001258  0C300000  00001100 00110000 00000000 00000000  (L1426)
00497 00125C  8C30FFFF  10001100 00110000 11111111 11111111  (L1427)
00498 001260  8D300000  10001101 00110000 00000000 00000000  (L1428)
00499 001264  07232000  00000111 00100011 00100000 00000000  (L1429)
0049A 001268  53720000  01010011 01110010 00000000 00000000  (L1430)
0049B 00126C  022B2000  00000010 00101011 00100000 00000000  (L1431)
0049C 001270  53120000  01010011 00010010 00000000 00000000  (L1432)
0049D 001274  0C200000  00001100 00100000 00000000 00000000  (L1433)
0049E 001278  8C200400  10001100 00100000 00000100 00000000  (L1434)
0049F 00127C  8D200620  10001101 00100000 00000110 00100000  (L1435)
004A0 001280  52210000  01010010 00100001 00000000 00000000  (L1436)
004A1 001284  0D100001  00001101 00010000 00000000 00000001  (L1437)
004A2 001288  53210000  01010011 00100001 00000000 00000000  (L1438)
004A3 00128C  53ECFFEC  01010011 11101100 11111111 11101100  (L1439)
004A4 001290  0C100000  00001100 00010000 00000000 00000000  (L1440)
004A5 001294  8C10E000  10001100 00010000 11100000 00000000  (L1441)
004A6 001298  8D100010  10001101 00010000 00000000 00010000  (L1442)
004A7 00129C  02C19000  00000010 11000001 10010000 00000000  (L1443)
004A8 0012A0  52610000  01010010 01100001 00000000 00000000  (L1444)
004A9 0012A4  52920000  01010010 10010010 00000000 00000000  (L1445)
004AA 0012A8  0C300000  00001100 00110000 00000000 00000000  (L1446)
004AB 0012AC  8C30FF00  10001100 00110000 11111111 00000000  (L1447)
004AC 0012B0  8D300000  10001101 00110000 00000000 00000000  (L1448)
004AD 0012B4  07232000  00000111 00100011 00100000 00000000  (L1449)
004AE 0012B8  0C3000FF  00001100 00110000 00000000 11111111  (L1450)
004AF 0012BC  07133000  00000111 00010011 00110000 00000000  (L1451)
004B0 0012C0  0C400010  00001100 01000000 00000000 00010000  (L1452)
004B1 0012C4  0A344000  00001010 00110100 01000000 00000000  (L1453)
004B2 0012C8  06242000  00000110 00100100 00100000 00000000  (L1454)
004B3 0012CC  06222000  00000110 00100010 00100000 00000000  (L1455)
004B4 0012D0  06252000  00000110 00100101 00100000 00000000  (L1456)
004B5 0012D4  0C400008  00001100 01000000 00000000 00001000  (L1457)
004B6 0012D8  0A34B000  00001010 00110100 10110000 00000000  (L1458)
004B7 0012DC  06222000  00000110 00100010 00100000 00000000  (L1459)
004B8 0012E0  062B2000  00000110 00101011 00100000 00000000  (L1460)
004B9 0012E4  06222000  00000110 00100010 00100000 00000000  (L1461)
004BA 0012E8  53920000  01010011 10010010 00000000 00000000  (L1462)
004BB 0012EC  52620000  01010010 01100010 00000000 00000000  (L1463)
004BC 0012F0  0D200001  00001101 00100000 00000000 00000001  (L1464)
004BD 0012F4  53620000  01010011 01100010 00000000 00000000  (L1465)
004BE 0012F8  8260C000  10000010 01100000 11000000 00000000  (L1466)
004BF 0012FC  82602000  10000010 01100000 00100000 00000000  (L1467)
004C0 001300  82703000  10000010 01110000 00110000 00000000  (L1468)
004C1 001304  8CF0FFF0  10001100 11110000 11111111 11110000  (L1469)
004C2 001308  8DF010F0  10001101 11110000 00010000 11110000  (L1470)
004C3 00130C  100F0000  00010000 00001111 00000000 00000000  (L1471)
004C4 001310  52E7FFF8  01010010 11100111 11111111 11111000  (L1472)
004C5 001314  0C100000  00001100 00010000 00000000 00000000  (L1473)
004C6 001318  8C100400  10001100 00010000 00000100 00000000  (L1474)
004C7 00131C  8D100128  10001101 00010000 00000001 00101000  (L1475)
004C8 001320  52110000  01010010 00010001 00000000 00000000  (L1476)
004C9 001324  02181000  00000010 00011000 00010000 00000000  (L1477)
004CA 001328  52720000  01010010 01110010 00000000 00000000  (L1478)
004CB 00132C  52130000  01010010 00010011 00000000 00000000  (L1479)
004CC 001330  0C400000  00001100 01000000 00000000 00000000  (L1480)
004CD 001334  8C404000  10001100 01000000 01000000 00000000  (L1481)
004CE 001338  8D400000  10001101 01000000 00000000 00000000  (L1482)
004CF 00133C  02343000  00000010 00110100 00110000 00000000  (L1483)
004D0 001340  03320000  00000011 00110010 00000000 00000000  (L1484)
004D1 001344  8CF0FFF0  10001100 11110000 11111111 11110000  (L1485)
004D2 001348  8DF01374  10001101 11110000 00010011 01110100  (L1486)
004D3 00134C  0F5F0000  00001111 01011111 00000000 00000000  (L1487)
004D4 001350  0C300000  00001100 00110000 00000000 00000000  (L1490)
004D5 001354  8C300001  10001100 00110000 00000000 00000001  (L1491)
004D6 001358  8D30FFFF  10001101 00110000 11111111 11111111  (L1492)
004D7 00135C  02232000  00000010 00100011 00100000 00000000  (L1493)
004D8 001360  0C300000  00001100 00110000 00000000 00000000  (L1494)
004D9 001364  8C30FFFF  10001100 00110000 11111111 11111111  (L1495)
004DA 001368  8D300000  10001101 00110000 00000000 00000000  (L1496)
004DB 00136C  07232000  00000111 00100011 00100000 00000000  (L1497)
004DC 001370  53720000  01010011 01110010 00000000 00000000  (L1498)
;
; [.LBB13_34:]
004DD 001374  52920000  01010010 10010010 00000000 00000000  (L1501)
004DE 001378  0C300000  00001100 00110000 00000000 00000000  (L1502)
004DF 00137C  8C30FF00  10001100 00110000 11111111 00000000  (L1503)
004E0 001380  8D3000FF  10001101 00110000 00000000 11111111  (L1504)
004E1 001384  07232000  00000111 00100011 00100000 00000000  (L1505)
004E2 001388  82C06000  10000010 11000000 01100000 00000000  (L1506)
004E3 00138C  52630000  01010010 01100011 00000000 00000000  (L1507)
004E4 001390  0C400010  00001100 01000000 00000000 00010000  (L1508)
004E5 001394  0A343000  00001010 00110100 00110000 00000000  (L1509)
004E6 001398  0C400000  00001100 01000000 00000000 00000000  (L1510)
004E7 00139C  8C4000FF  10001100 01000000 00000000 11111111  (L1511)
004E8 0013A0  8D400000  10001101 01000000 00000000 00000000  (L1512)
004E9 0013A4  02343000  00000010 00110100 00110000 00000000  (L1513)
004EA 0013A8  07343000  00000111 00110100 00110000 00000000  (L1514)
004EB 0013AC  06232000  00000110 00100011 00100000 00000000  (L1515)
004EC 0013B0  06222000  00000110 00100010 00100000 00000000  (L1516)
004ED 0013B4  062B2000  00000110 00101011 00100000 00000000  (L1517)
004EE 0013B8  06222000  00000110 00100010 00100000 00000000  (L1518)
004EF 0013BC  53920000  01010011 10010010 00000000 00000000  (L1519)
004F0 0013C0  52720000  01010010 01110010 00000000 00000000  (L1520)
004F1 0013C4  0C300000  00001100 00110000 00000000 00000000  (L1521)
004F2 0013C8  8C30C000  10001100 00110000 11000000 00000000  (L1522)
004F3 0013CC  8D300000  10001101 00110000 00000000 00000000  (L1523)
004F4 0013D0  02234000  00000010 00100011 01000000 00000000  (L1524)
004F5 0013D4  53140004  01010011 00010100 00000000 00000100  (L1525)
004F6 0013D8  52130000  01010010 00010011 00000000 00000000  (L1526)
004F7 0013DC  03433000  00000011 01000011 00110000 00000000  (L1527)
004F8 0013E0  53130008  01010011 00010011 00000000 00001000  (L1528)
004F9 0013E4  52150000  01010010 00010101 00000000 00000000  (L1529)
004FA 0013E8  0C900000  00001100 10010000 00000000 00000000  (L1530)
004FB 0013EC  82903000  10000010 10010000 00110000 00000000  (L1531)
004FC 0013F0  52E8FFEC  01010010 11101000 11111111 11101100  (L1532)
004FD 0013F4  03540000  00000011 01010100 00000000 00000000  (L1533)
004FE 0013F8  8CF0FFF0  10001100 11110000 11111111 11110000  (L1534)
004FF 0013FC  8DF01450  10001101 11110000 00010100 01010000  (L1535)
00500 001400  0F5F0000  00001111 01011111 00000000 00000000  (L1536)
00501 001404  0C300000  00001100 00110000 00000000 00000000  (L1539)
00502 001408  8C30E000  10001100 00110000 11100000 00000000  (L1540)
00503 00140C  8D300004  10001101 00110000 00000000 00000100  (L1541)
00504 001410  02833000  00000010 10000011 00110000 00000000  (L1542)
00505 001414  52110000  01010010 00010001 00000000 00000000  (L1543)
00506 001418  0C400003  00001100 01000000 00000000 00000011  (L1544)
00507 00141C  53340000  01010011 00110100 00000000 00000000  (L1545)
00508 001420  0C300000  00001100 00110000 00000000 00000000  (L1546)
00509 001424  8C30C000  10001100 00110000 11000000 00000000  (L1547)
0050A 001428  8D30FFFF  10001101 00110000 11111111 11111111  (L1548)
0050B 00142C  02232000  00000010 00100011 00100000 00000000  (L1549)
0050C 001430  0C300000  00001100 00110000 00000000 00000000  (L1550)
0050D 001434  8C30FFFF  10001100 00110000 11111111 11111111  (L1551)
0050E 001438  8D300000  10001101 00110000 00000000 00000000  (L1552)
0050F 00143C  07232000  00000111 00100011 00100000 00000000  (L1553)
00510 001440  0C300010  00001100 00110000 00000000 00010000  (L1554)
00511 001444  09131000  00001001 00010011 00010000 00000000  (L1555)
00512 001448  06121000  00000110 00010010 00010000 00000000  (L1556)
00513 00144C  06113000  00000110 00010001 00110000 00000000  (L1557)
;
; [.LBB13_36:]
00514 001450  0C100000  00001100 00010000 00000000 00000000  (L1560)
00515 001454  8C10E000  10001100 00010000 11100000 00000000  (L1561)
00516 001458  8D100018  10001101 00010000 00000000 00011000  (L1562)
00517 00145C  02811000  00000010 10000001 00010000 00000000  (L1563)
00518 001460  53130000  01010011 00010011 00000000 00000000  (L1564)
00519 001464  0C400001  00001100 01000000 00000000 00000001  (L1565)
0051A 001468  82401000  10000010 01000000 00010000 00000000  (L1566)
0051B 00146C  0CB00000  00001100 10110000 00000000 00000000  (L1567)
0051C 001470  8CB00400  10001100 10110000 00000100 00000000  (L1568)
0051D 001474  8DB00620  10001101 10110000 00000110 00100000  (L1569)
0051E 001478  03A90000  00000011 10101001 00000000 00000000  (L1570)
0051F 00147C  8CF0FFF0  10001100 11110000 11111111 11110000  (L1571)
00520 001480  8DF0148C  10001101 11110000 00010100 10001100  (L1572)
00521 001484  0F2F0000  00001111 00101111 00000000 00000000  (L1573)
00522 001488  82901000  10000010 10010000 00010000 00000000  (L1576)
;
; [.LBB13_38:]
00523 00148C  82402000  10000010 01000000 00100000 00000000  (L1579)
00524 001490  52E5FFFC  01010010 11100101 11111111 11111100  (L1580)
00525 001494  0C800000  00001100 10000000 00000000 00000000  (L1581)
00526 001498  8C80C000  10001100 10000000 11000000 00000000  (L1582)
00527 00149C  8D800000  10001101 10000000 00000000 00000000  (L1583)
00528 0014A0  03D90000  00000011 11011001 00000000 00000000  (L1584)
00529 0014A4  8CF0FFF0  10001100 11110000 11111111 11110000  (L1585)
0052A 0014A8  8DF014B4  10001101 11110000 00010100 10110100  (L1586)
0052B 0014AC  0F1F0000  00001111 00011111 00000000 00000000  (L1587)
0052C 0014B0  82902000  10000010 10010000 00100000 00000000  (L1590)
;
; [.LBB13_40:]
0052D 0014B4  06211000  00000110 00100001 00010000 00000000  (L1593)
0052E 0014B8  06111000  00000110 00010001 00010000 00000000  (L1594)
0052F 0014BC  0CA00000  00001100 10100000 00000000 00000000  (L1595)
00530 0014C0  8CA00400  10001100 10100000 00000100 00000000  (L1596)
00531 0014C4  8DA00128  10001101 10100000 00000001 00101000  (L1597)
00532 0014C8  03140000  00000011 00010100 00000000 00000000  (L1598)
00533 0014CC  8CF0FFF0  10001100 11110000 11111111 11110000  (L1599)
00534 0014D0  8DF01594  10001101 11110000 00010101 10010100  (L1600)
00535 0014D4  0F1F0000  00001111 00011111 00000000 00000000  (L1601)
00536 0014D8  0DD01000  00001101 11010000 00010000 00000000  (L1604)
00537 0014DC  52E3FFE8  01010010 11100011 11111111 11101000  (L1605)
00538 0014E0  82301000  10000010 00110000 00010000 00000000  (L1606)
00539 0014E4  0D100001  00001101 00010000 00000000 00000001  (L1607)
0053A 0014E8  0C200007  00001100 00100000 00000000 00000111  (L1608)
0053B 0014EC  03320000  00000011 00110010 00000000 00000000  (L1609)
0053C 0014F0  8CF0FFF0  10001100 11110000 11111111 11110000  (L1610)
0053D 0014F4  8DF01178  10001101 11110000 00010001 01111000  (L1611)
0053E 0014F8  0F4F0000  00001111 01001111 00000000 00000000  (L1612)
0053F 0014FC  8CF0FFF0  10001100 11110000 11111111 11110000  (L1613)
00540 001500  8DF01594  10001101 11110000 00010101 10010100  (L1614)
00541 001504  0E0F0000  00001110 00001111 00000000 00000000  (L1615)
;
; [.LBB13_11:]
00542 001508  0CA00000  00001100 10100000 00000000 00000000  (L1618)
00543 00150C  8CA00400  10001100 10100000 00000100 00000000  (L1619)
00544 001510  8DA00128  10001101 10100000 00000001 00101000  (L1620)
00545 001514  0C800000  00001100 10000000 00000000 00000000  (L1621)
00546 001518  8C80C000  10001100 10000000 11000000 00000000  (L1622)
00547 00151C  8D800000  10001101 10000000 00000000 00000000  (L1623)
00548 001520  0CB00000  00001100 10110000 00000000 00000000  (L1624)
00549 001524  8CB00400  10001100 10110000 00000100 00000000  (L1625)
0054A 001528  8DB00620  10001101 10110000 00000110 00100000  (L1626)
0054B 00152C  03290000  00000011 00101001 00000000 00000000  (L1627)
0054C 001530  8CF0FFF0  10001100 11110000 11111111 11110000  (L1628)
0054D 001534  8DF015D8  10001101 11110000 00010101 11011000  (L1629)
0054E 001538  0F0F0000  00001111 00001111 00000000 00000000  (L1630)
0054F 00153C  8CF0FFF0  10001100 11110000 11111111 11110000  (L1631)
00550 001540  8DF01594  10001101 11110000 00010101 10010100  (L1632)
00551 001544  0E0F0000  00001110 00001111 00000000 00000000  (L1633)
;
; [.LBB13_4:]
00552 001548  82401000  10000010 01000000 00010000 00000000  (L1636)
00553 00154C  03590000  00000011 01011001 00000000 00000000  (L1637)
00554 001550  8CF0FFF0  10001100 11110000 11111111 11110000  (L1638)
00555 001554  8DF01560  10001101 11110000 00010101 01100000  (L1639)
00556 001558  0F1F0000  00001111 00011111 00000000 00000000  (L1640)
00557 00155C  82901000  10000010 10010000 00010000 00000000  (L1643)
;
; [.LBB13_6:]
00558 001560  82402000  10000010 01000000 00100000 00000000  (L1646)
00559 001564  52E3FFF4  01010010 11100011 11111111 11110100  (L1647)
0055A 001568  03390000  00000011 00111001 00000000 00000000  (L1648)
0055B 00156C  8CF0FFF0  10001100 11110000 11111111 11110000  (L1649)
0055C 001570  8DF0157C  10001101 11110000 00010101 01111100  (L1650)
0055D 001574  0F0F0000  00001111 00001111 00000000 00000000  (L1651)
0055E 001578  82902000  10000010 10010000 00100000 00000000  (L1654)
;
; [.LBB13_8:]
0055F 00157C  07121000  00000111 00010010 00010000 00000000  (L1657)
00560 001580  07141000  00000111 00010100 00010000 00000000  (L1658)
00561 001584  03190000  00000011 00011001 00000000 00000000  (L1659)
00562 001588  8CF0FFF0  10001100 11110000 11111111 11110000  (L1660)
00563 00158C  8DF01838  10001101 11110000 00011000 00111000  (L1661)
00564 001590  0F1F0000  00001111 00011111 00000000 00000000  (L1662)
;
; [.LBB13_42:]
00565 001594  52E2FFF4  01010010 11100010 11111111 11110100  (L1665)
00566 001598  0D200001  00001101 00100000 00000000 00000001  (L1666)
00567 00159C  0C100020  00001100 00010000 00000000 00100000  (L1667)
00568 0015A0  53E2FFF4  01010011 11100010 11111111 11110100  (L1668)
00569 0015A4  03210000  00000011 00100001 00000000 00000000  (L1669)
0056A 0015A8  8CF0FFF0  10001100 11110000 11111111 11110000  (L1670)
0056B 0015AC  8DF01838  10001101 11110000 00011000 00111000  (L1671)
0056C 0015B0  0F0F0000  00001111 00001111 00000000 00000000  (L1672)
0056D 0015B4  52E1FFF0  01010010 11100001 11111111 11110000  (L1675)
0056E 0015B8  0C200000  00001100 00100000 00000000 00000000  (L1676)
0056F 0015BC  8C200001  10001100 00100000 00000000 00000001  (L1677)
00570 0015C0  8D208000  10001101 00100000 10000000 00000000  (L1678)
00571 0015C4  02121000  00000010 00010010 00010000 00000000  (L1679)
00572 0015C8  53E1FFF0  01010011 11100001 11111111 11110000  (L1680)
00573 0015CC  8CF0FFF0  10001100 11110000 11111111 11110000  (L1681)
00574 0015D0  8DF01170  10001101 11110000 00010001 01110000  (L1682)
00575 0015D4  0E0F0000  00001110 00001111 00000000 00000000  (L1683)
;
; [.LBB13_12:]
00576 0015D8  0C200000  00001100 00100000 00000000 00000000  (L1685)
00577 0015DC  8C20E000  10001100 00100000 11100000 00000000  (L1686)
00578 0015E0  8D200010  10001101 00100000 00000000 00010000  (L1687)
00579 0015E4  82C08000  10000010 11000000 10000000 00000000  (L1688)
0057A 0015E8  02826000  00000010 10000010 01100000 00000000  (L1689)
0057B 0015EC  0C300000  00001100 00110000 00000000 00000000  (L1690)
0057C 0015F0  8C300000  10001100 00110000 00000000 00000000  (L1691)
0057D 0015F4  8D30FFFF  10001101 00110000 11111111 11111111  (L1692)
0057E 0015F8  53630000  01010011 01100011 00000000 00000000  (L1693)
0057F 0015FC  52640000  01010010 01100100 00000000 00000000  (L1694)
00580 001600  0C200000  00001100 00100000 00000000 00000000  (L1695)
00581 001604  03420000  00000011 01000010 00000000 00000000  (L1696)
00582 001608  8CF0FFF0  10001100 11110000 11111111 11110000  (L1697)
00583 00160C  8DF01668  10001101 11110000 00010110 01101000  (L1698)
00584 001610  0F0F0000  00001111 00001111 00000000 00000000  (L1699)
00585 001614  0C501000  00001100 01010000 00010000 00000000  (L1701)
00586 001618  52770000  01010010 01110111 00000000 00000000  (L1702)
00587 00161C  0C800000  00001100 10000000 00000000 00000000  (L1703)
00588 001620  8C80C000  10001100 10000000 11000000 00000000  (L1704)
00589 001624  8D800000  10001101 10000000 00000000 00000000  (L1705)
0058A 001628  02787000  00000010 01111000 01110000 00000000  (L1706)
0058B 00162C  53670000  01010011 01100111 00000000 00000000  (L1707)
0058C 001630  03540000  00000011 01010100 00000000 00000000  (L1708)
0058D 001634  8CF0FFF0  10001100 11110000 11111111 11110000  (L1709)
0058E 001638  8DF01654  10001101 11110000 00010110 01010100  (L1710)
0058F 00163C  0F5F0000  00001111 01011111 00000000 00000000  (L1711)
00590 001640  0D400FFF  00001101 01000000 00001111 11111111  (L1713)
00591 001644  0C500000  00001100 01010000 00000000 00000000  (L1714)
00592 001648  8C500000  10001100 01010000 00000000 00000000  (L1715)
00593 00164C  8D50F000  10001101 01010000 11110000 00000000  (L1716)
00594 001650  07455000  00000111 01000101 01010000 00000000  (L1717)
;
; [.LBB13_15:]
00595 001654  52E7FFF8  01010010 11100111 11111111 11111000  (L1719)
00596 001658  52740000  01010010 01110100 00000000 00000000  (L1720)
00597 00165C  02454000  00000010 01000101 01000000 00000000  (L1721)
00598 001660  53740000  01010011 01110100 00000000 00000000  (L1722)
00599 001664  82C08000  10000010 11000000 10000000 00000000  (L1723)
;
; [.LBB13_16:]
0059A 001668  0C400000  00001100 01000000 00000000 00000000  (L1725)
0059B 00166C  8C40E000  10001100 01000000 11100000 00000000  (L1726)
0059C 001670  8D400014  10001101 01000000 00000000 00010100  (L1727)
0059D 001674  02844000  00000010 10000100 01000000 00000000  (L1728)
0059E 001678  53430000  01010011 01000011 00000000 00000000  (L1729)
0059F 00167C  52430000  01010010 01000011 00000000 00000000  (L1730)
005A0 001680  03320000  00000011 00110010 00000000 00000000  (L1731)
005A1 001684  8CF0FFF0  10001100 11110000 11111111 11110000  (L1732)
005A2 001688  8DF016DC  10001101 11110000 00010110 11011100  (L1733)
005A3 00168C  0F0F0000  00001111 00001111 00000000 00000000  (L1734)
005A4 001690  52750000  01010010 01110101 00000000 00000000  (L1736)
005A5 001694  0C600000  00001100 01100000 00000000 00000000  (L1737)
005A6 001698  8C60C000  10001100 01100000 11000000 00000000  (L1738)
005A7 00169C  8D600000  10001101 01100000 00000000 00000000  (L1739)
005A8 0016A0  02565000  00000010 01010110 01010000 00000000  (L1740)
005A9 0016A4  53450000  01010011 01000101 00000000 00000000  (L1741)
005AA 0016A8  0C401000  00001100 01000000 00010000 00000000  (L1742)
005AB 0016AC  03430000  00000011 01000011 00000000 00000000  (L1743)
005AC 0016B0  8CF0FFF0  10001100 11110000 11111111 11110000  (L1744)
005AD 0016B4  8DF016D0  10001101 11110000 00010110 11010000  (L1745)
005AE 0016B8  0F5F0000  00001111 01011111 00000000 00000000  (L1746)
005AF 0016BC  0D300FFF  00001101 00110000 00001111 11111111  (L1748)
005B0 0016C0  0C400000  00001100 01000000 00000000 00000000  (L1749)
005B1 0016C4  8C400000  10001100 01000000 00000000 00000000  (L1750)
005B2 0016C8  8D40F000  10001101 01000000 11110000 00000000  (L1751)
005B3 0016CC  07344000  00000111 00110100 01000000 00000000  (L1752)
;
; [.LBB13_19:]
005B4 0016D0  52730000  01010010 01110011 00000000 00000000  (L1754)
005B5 0016D4  02343000  00000010 00110100 00110000 00000000  (L1755)
005B6 0016D8  53730000  01010011 01110011 00000000 00000000  (L1756)
;
; [.LBB13_20:]
005B7 0016DC  0C300000  00001100 00110000 00000000 00000000  (L1758)
005B8 0016E0  8C30E000  10001100 00110000 11100000 00000000  (L1759)
005B9 0016E4  8D300018  10001101 00110000 00000000 00011000  (L1760)
005BA 0016E8  02835000  00000010 10000011 01010000 00000000  (L1761)
005BB 0016EC  0C300000  00001100 00110000 00000000 00000000  (L1762)
005BC 0016F0  8C300000  10001100 00110000 00000000 00000000  (L1763)
005BD 0016F4  8D30FFFF  10001101 00110000 11111111 11111111  (L1764)
005BE 0016F8  53530000  01010011 01010011 00000000 00000000  (L1765)
005BF 0016FC  52540000  01010010 01010100 00000000 00000000  (L1766)
005C0 001700  03420000  00000011 01000010 00000000 00000000  (L1767)
005C1 001704  8CF0FFF0  10001100 11110000 11111111 11110000  (L1768)
005C2 001708  8DF01760  10001101 11110000 00010111 01100000  (L1769)
005C3 00170C  0F0F0000  00001111 00001111 00000000 00000000  (L1770)
005C4 001710  52760000  01010010 01110110 00000000 00000000  (L1772)
005C5 001714  0C700000  00001100 01110000 00000000 00000000  (L1773)
005C6 001718  8C70C000  10001100 01110000 11000000 00000000  (L1774)
005C7 00171C  8D700000  10001101 01110000 00000000 00000000  (L1775)
005C8 001720  02676000  00000010 01100111 01100000 00000000  (L1776)
005C9 001724  53560000  01010011 01010110 00000000 00000000  (L1777)
005CA 001728  0C501000  00001100 01010000 00010000 00000000  (L1778)
005CB 00172C  03540000  00000011 01010100 00000000 00000000  (L1779)
005CC 001730  8CF0FFF0  10001100 11110000 11111111 11110000  (L1780)
005CD 001734  8DF01750  10001101 11110000 00010111 01010000  (L1781)
005CE 001738  0F5F0000  00001111 01011111 00000000 00000000  (L1782)
005CF 00173C  0D400FFF  00001101 01000000 00001111 11111111  (L1784)
005D0 001740  0C500000  00001100 01010000 00000000 00000000  (L1785)
005D1 001744  8C500000  10001100 01010000 00000000 00000000  (L1786)
005D2 001748  8D50F000  10001101 01010000 11110000 00000000  (L1787)
005D3 00174C  07455000  00000111 01000101 01010000 00000000  (L1788)
;
; [.LBB13_23:]
005D4 001750  52E7FFF8  01010010 11100111 11111111 11111000  (L1790)
005D5 001754  52740000  01010010 01110100 00000000 00000000  (L1791)
005D6 001758  02454000  00000010 01000101 01000000 00000000  (L1792)
005D7 00175C  53740000  01010011 01110100 00000000 00000000  (L1793)
;
; [.LBB13_24:]
005D8 001760  0C400000  00001100 01000000 00000000 00000000  (L1795)
005D9 001764  8C40E000  10001100 01000000 11100000 00000000  (L1796)
005DA 001768  8D40001C  10001101 01000000 00000000 00011100  (L1797)
005DB 00176C  02844000  00000010 10000100 01000000 00000000  (L1798)
005DC 001770  53430000  01010011 01000011 00000000 00000000  (L1799)
005DD 001774  52430000  01010010 01000011 00000000 00000000  (L1800)
005DE 001778  03320000  00000011 00110010 00000000 00000000  (L1801)
005DF 00177C  8CF0FFF0  10001100 11110000 11111111 11110000  (L1802)
005E0 001780  8DF017C8  10001101 11110000 00010111 11001000  (L1803)
005E1 001784  0F0F0000  00001111 00001111 00000000 00000000  (L1804)
005E2 001788  52720000  01010010 01110010 00000000 00000000  (L1806)
005E3 00178C  0C500000  00001100 01010000 00000000 00000000  (L1807)
005E4 001790  8C50C000  10001100 01010000 11000000 00000000  (L1808)
005E5 001794  8D500000  10001101 01010000 00000000 00000000  (L1809)
005E6 001798  02252000  00000010 00100101 00100000 00000000  (L1810)
005E7 00179C  53420000  01010011 01000010 00000000 00000000  (L1811)
005E8 0017A0  0C201001  00001100 00100000 00010000 00000001  (L1812)
005E9 0017A4  03320000  00000011 00110010 00000000 00000000  (L1813)
005EA 0017A8  8CF0FFF0  10001100 11110000 11111111 11110000  (L1814)
005EB 0017AC  8DF017D8  10001101 11110000 00010111 11011000  (L1815)
005EC 0017B0  0F5F0000  00001111 01011111 00000000 00000000  (L1816)
005ED 0017B4  52720000  01010010 01110010 00000000 00000000  (L1818)
005EE 0017B8  0D201000  00001101 00100000 00010000 00000000  (L1819)
005EF 0017BC  8CF0FFF0  10001100 11110000 11111111 11110000  (L1820)
005F0 0017C0  8DF017F4  10001101 11110000 00010111 11110100  (L1821)
005F1 0017C4  0E0F0000  00001110 00001111 00000000 00000000  (L1822)
;
; [.LBB13_25:]
005F2 0017C8  52720000  01010010 01110010 00000000 00000000  (L1824)
005F3 0017CC  8CF0FFF0  10001100 11110000 11111111 11110000  (L1825)
005F4 0017D0  8DF017F8  10001101 11110000 00010111 11111000  (L1826)
005F5 0017D4  0E0F0000  00001110 00001111 00000000 00000000  (L1827)
;
; [.LBB13_27:]
005F6 0017D8  0D300FFF  00001101 00110000 00001111 11111111  (L1829)
005F7 0017DC  0C200000  00001100 00100000 00000000 00000000  (L1830)
005F8 0017E0  8C200000  10001100 00100000 00000000 00000000  (L1831)
005F9 0017E4  8D20F000  10001101 00100000 11110000 00000000  (L1832)
005FA 0017E8  07322000  00000111 00110010 00100000 00000000  (L1833)
005FB 0017EC  52730000  01010010 01110011 00000000 00000000  (L1834)
005FC 0017F0  02322000  00000010 00110010 00100000 00000000  (L1835)
;
; [.LBB13_29:]
005FD 0017F4  53720000  01010011 01110010 00000000 00000000  (L1837)
;
; [.LBB13_30:]
005FE 0017F8  52130000  01010010 00010011 00000000 00000000  (L1839)
005FF 0017FC  03232000  00000011 00100011 00100000 00000000  (L1840)
00600 001800  0C300000  00001100 00110000 00000000 00000000  (L1841)
00601 001804  8C30C000  10001100 00110000 11000000 00000000  (L1842)
00602 001808  8D300000  10001101 00110000 00000000 00000000  (L1843)
00603 00180C  02232000  00000010 00100011 00100000 00000000  (L1844)
00604 001810  53120008  01010011 00010010 00000000 00001000  (L1845)
00605 001814  52720000  01010010 01110010 00000000 00000000  (L1846)
00606 001818  02232000  00000010 00100011 00100000 00000000  (L1847)
00607 00181C  53120004  01010011 00010010 00000000 00000100  (L1848)
00608 001820  0C100000  00001100 00010000 00000000 00000000  (L1849)
00609 001824  8C100400  10001100 00010000 00000100 00000000  (L1850)
0060A 001828  8D100620  10001101 00010000 00000110 00100000  (L1851)
0060B 00182C  52120000  01010010 00010010 00000000 00000000  (L1852)
0060C 001830  0D200001  00001101 00100000 00000000 00000001  (L1853)
0060D 001834  53120000  01010011 00010010 00000000 00000000  (L1854)
;
; [.LBB13_31:]
0060E 001838  52EDFFD0  01010010 11101101 11111111 11010000  (L1856)
0060F 00183C  52ECFFD4  01010010 11101100 11111111 11010100  (L1857)
00610 001840  52EBFFD8  01010010 11101011 11111111 11011000  (L1858)
00611 001844  52EAFFDC  01010010 11101010 11111111 11011100  (L1859)
00612 001848  52E9FFE0  01010010 11101001 11111111 11100000  (L1860)
00613 00184C  52E8FFE4  01010010 11101000 11111111 11100100  (L1861)
00614 001850  8DE0FFCC  10001101 11100000 11111111 11001100  (L1862)
00615 001854  11000000  00010001 00000000 00000000 00000000  (L1863)
;
; [PCIe_Bus_Enumeration:]
00616 001858  8DE0000C  10001101 11100000 00000000 00001100  (L1871)
00617 00185C  02E03000  00000010 11100000 00110000 00000000  (L1872)
00618 001860  82302000  10000010 00110000 00100000 00000000  (L1873)
00619 001864  8D20FFF8  10001101 00100000 11111111 11111000  (L1874)
0061A 001868  0C100001  00001100 00010000 00000000 00000001  (L1875)
0061B 00186C  53210000  01010011 00100001 00000000 00000000  (L1876)
0061C 001870  8D30FFFC  10001101 00110000 11111111 11111100  (L1877)
0061D 001874  0C100000  00001100 00010000 00000000 00000000  (L1878)
0061E 001878  53310000  01010011 00110001 00000000 00000000  (L1879)
0061F 00187C  8CF0FFF0  10001100 11110000 11111111 11110000  (L1880)
00620 001880  8DF010F0  10001101 11110000 00010000 11110000  (L1881)
00621 001884  100F0000  00010000 00001111 00000000 00000000  (L1882)
00622 001888  8DE0FFF4  10001101 11100000 11111111 11110100  (L1883)
00623 00188C  11000000  00010001 00000000 00000000 00000000  (L1884)
;
; [search:]
00624 001890  8DE00004  10001101 11100000 00000000 00000100  (L1892)
00625 001894  82102000  10000010 00010000 00100000 00000000  (L1893)
00626 001898  0C100000  00001100 00010000 00000000 00000000  (L1894)
00627 00189C  8C100400  10001100 00010000 00000100 00000000  (L1895)
00628 0018A0  8D100620  10001101 00010000 00000110 00100000  (L1896)
00629 0018A4  52130000  01010010 00010011 00000000 00000000  (L1897)
0062A 0018A8  0C100001  00001100 00010000 00000000 00000001  (L1898)
0062B 0018AC  03310000  00000011 00110001 00000000 00000000  (L1899)
0062C 0018B0  8CF0FFF0  10001100 11110000 11111111 11110000  (L1900)
0062D 0018B4  8DF01910  10001101 11110000 00011001 00010000  (L1901)
0062E 0018B8  0F2F0000  00001111 00101111 00000000 00000000  (L1902)
0062F 0018BC  0C100000  00001100 00010000 00000000 00000000  (L1904)
00630 0018C0  0C400000  00001100 01000000 00000000 00000000  (L1905)
00631 0018C4  8C400400  10001100 01000000 00000100 00000000  (L1906)
00632 0018C8  8D400128  10001101 01000000 00000001 00101000  (L1907)
00633 0018CC  52440000  01010010 01000100 00000000 00000000  (L1908)
00634 0018D0  0D40000C  00001101 01000000 00000000 00001100  (L1909)
00635 0018D4  0C500000  00001100 01010000 00000000 00000000  (L1910)
00636 0018D8  8C500100  10001100 01010000 00000001 00000000  (L1911)
00637 0018DC  8D50FFFF  10001101 01010000 11111111 11111111  (L1912)
;
; [.LBB15_2:]
00638 0018E0  52460000  01010010 01000110 00000000 00000000  (L1915)
00639 0018E4  07656000  00000111 01100101 01100000 00000000  (L1916)
0063A 0018E8  03620000  00000011 01100010 00000000 00000000  (L1917)
0063B 0018EC  8CF0FFF0  10001100 11110000 11111111 11110000  (L1918)
0063C 0018F0  8DF0191C  10001101 11110000 00011001 00011100  (L1919)
0063D 0018F4  0F0F0000  00001111 00001111 00000000 00000000  (L1920)
0063E 0018F8  0D400014  00001101 01000000 00000000 00010100  (L1923)
0063F 0018FC  0D100001  00001101 00010000 00000000 00000001  (L1924)
00640 001900  03310000  00000011 00110001 00000000 00000000  (L1925)
00641 001904  8CF0FFF0  10001100 11110000 11111111 11110000  (L1926)
00642 001908  8DF018E0  10001101 11110000 00011000 11100000  (L1927)
00643 00190C  0F1F0000  00001111 00011111 00000000 00000000  (L1928)
;
; [.LBB15_4:]
00644 001910  0C100000  00001100 00010000 00000000 00000000  (L1930)
00645 001914  8C100000  10001100 00010000 00000000 00000000  (L1931)
00646 001918  8D10FFFF  10001101 00010000 11111111 11111111  (L1932)
;
; [.LBB15_5:]
00647 00191C  8DE0FFFC  10001101 11100000 11111111 11111100  (L1934)
00648 001920  11000000  00010001 00000000 00000000 00000000  (L1935)
;
; [mainHandler:]
00649 001924  8DE00010  10001101 11100000 00000000 00010000  (L1943)
0064A 001928  53E8FFFC  01010011 11101000 11111111 11111100  (L1944)
0064B 00192C  53E9FFF8  01010011 11101001 11111111 11111000  (L1945)
0064C 001930  53EAFFF4  01010011 11101010 11111111 11110100  (L1946)
0064D 001934  14130000  00010100 00010011 00000000 00000000  (L1948)
0064E 001938  14880000  00010100 10001000 00000000 00000000  (L1951)
0064F 00193C  0C200008  00001100 00100000 00000000 00001000  (L1953)
00650 001940  07825000  00000111 10000010 01010000 00000000  (L1954)
00651 001944  149A0000  00010100 10011010 00000000 00000000  (L1956)
00652 001948  14A90000  00010100 10101001 00000000 00000000  (L1959)
00653 00194C  14740000  00010100 01110100 00000000 00000000  (L1962)
00654 001950  0C200000  00001100 00100000 00000000 00000000  (L1964)
00655 001954  03520000  00000011 01010010 00000000 00000000  (L1965)
00656 001958  8CF0FFF0  10001100 11110000 11111111 11110000  (L1966)
00657 00195C  8DF01974  10001101 11110000 00011001 01110100  (L1967)
00658 001960  0F0F0000  00001111 00001111 00000000 00000000  (L1968)
00659 001964  0C500004  00001100 01010000 00000000 00000100  (L1970)
0065A 001968  06855000  00000110 10000101 01010000 00000000  (L1971)
0065B 00196C  06555000  00000110 01010101 01010000 00000000  (L1972)
0065C 001970  15580000  00010101 01011000 00000000 00000000  (L1974)
;
; [.LBB16_2:]
0065D 001974  03420000  00000011 01000010 00000000 00000000  (L1977)
0065E 001978  8CF0FFF0  10001100 11110000 11111111 11110000  (L1978)
0065F 00197C  8DF019DC  10001101 11110000 00011001 11011100  (L1979)
00660 001980  0F0F0000  00001111 00001111 00000000 00000000  (L1980)
00661 001984  0C10007F  00001100 00010000 00000000 01111111  (L1982)
00662 001988  03140000  00000011 00010100 00000000 00000000  (L1983)
00663 00198C  8CF0FFF0  10001100 11110000 11111111 11110000  (L1984)
00664 001990  8DF019F0  10001101 11110000 00011001 11110000  (L1985)
00665 001994  0F4F0000  00001111 01001111 00000000 00000000  (L1986)
00666 001998  0C100002  00001100 00010000 00000000 00000010  (L1988)
00667 00199C  0A411000  00001010 01000001 00010000 00000000  (L1989)
00668 0019A0  0C400000  00001100 01000000 00000000 00000000  (L1990)
00669 0019A4  8C400400  10001100 01000000 00000100 00000000  (L1991)
0066A 0019A8  8D40041C  10001101 01000000 00000100 00011100  (L1992)
0066B 0019AC  02141000  00000010 00010100 00010000 00000000  (L1993)
0066C 0019B0  52140000  01010010 00010100 00000000 00000000  (L1994)
0066D 0019B4  03420000  00000011 01000010 00000000 00000000  (L1995)
0066E 0019B8  8CF0FFF0  10001100 11110000 11111111 11110000  (L1996)
0066F 0019BC  8DF019F0  10001101 11110000 00011001 11110000  (L1997)
00670 0019C0  0F0F0000  00001111 00001111 00000000 00000000  (L1998)
00671 0019C4  82801000  10000010 10000000 00010000 00000000  (L2000)
00672 0019C8  82302000  10000010 00110000 00100000 00000000  (L2001)
00673 0019CC  10040000  00010000 00000100 00000000 00000000  (L2002)
00674 0019D0  8CF0FFF0  10001100 11110000 11111111 11110000  (L2003)
00675 0019D4  8DF019EC  10001101 11110000 00011001 11101100  (L2004)
00676 0019D8  0E0F0000  00001110 00001111 00000000 00000000  (L2005)
;
; [.LBB16_6:]
00677 0019DC  82802000  10000010 10000000 00100000 00000000  (L2007)
00678 0019E0  8CF0FFF0  10001100 11110000 11111111 11110000  (L2008)
00679 0019E4  8DF01EE0  10001101 11110000 00011110 11100000  (L2009)
0067A 0019E8  100F0000  00010000 00001111 00000000 00000000  (L2010)
;
; [.LBB16_7:]
0067B 0019EC  82103000  10000010 00010000 00110000 00000000  (L2012)
;
; [.LBB16_8:]
0067C 0019F0  0C100000  00001100 00010000 00000000 00000000  (L2014)
0067D 0019F4  8C100000  10001100 00010000 00000000 00000000  (L2015)
0067E 0019F8  8D10FFFB  10001101 00010000 11111111 11111011  (L2016)
0067F 0019FC  07811000  00000111 10000001 00010000 00000000  (L2017)
00680 001A00  15180000  00010101 00011000 00000000 00000000  (L2019)
00681 001A04  15310000  00010101 00110001 00000000 00000000  (L2022)
00682 001A08  15A90000  00010101 10101001 00000000 00000000  (L2025)
00683 001A0C  159A0000  00010101 10011010 00000000 00000000  (L2028)
00684 001A10  0C100000  00001100 00010000 00000000 00000000  (L2030)
00685 001A14  8C100400  10001100 00010000 00000100 00000000  (L2031)
00686 001A18  8D100064  10001101 00010000 00000000 01100100  (L2032)
00687 001A1C  52110000  01010010 00010001 00000000 00000000  (L2033)
00688 001A20  0C200001  00001100 00100000 00000000 00000001  (L2034)
00689 001A24  53120010  01010011 00010010 00000000 00010000  (L2035)
0068A 001A28  52EAFFF4  01010010 11101010 11111111 11110100  (L2036)
0068B 001A2C  52E9FFF8  01010010 11101001 11111111 11111000  (L2037)
0068C 001A30  52E8FFFC  01010010 11101000 11111111 11111100  (L2038)
0068D 001A34  8DE0FFF0  10001101 11100000 11111111 11110000  (L2039)
0068E 001A38  11000000  00010001 00000000 00000000 00000000  (L2040)
;
; [entryHandler:]
0068F 001A3C  8DE00038  10001101 11100000 00000000 00111000  (L2049)
00690 001A40  53E1FFC8  01010011 11100001 11111111 11001000  (L2050)
00691 001A44  53E2FFCC  01010011 11100010 11111111 11001100  (L2051)
00692 001A48  53E3FFD0  01010011 11100011 11111111 11010000  (L2052)
00693 001A4C  53E4FFD4  01010011 11100100 11111111 11010100  (L2053)
00694 001A50  53E5FFD8  01010011 11100101 11111111 11011000  (L2054)
00695 001A54  53E6FFDC  01010011 11100110 11111111 11011100  (L2055)
00696 001A58  53E7FFE0  01010011 11100111 11111111 11100000  (L2056)
00697 001A5C  53E8FFE4  01010011 11101000 11111111 11100100  (L2057)
00698 001A60  53E9FFE8  01010011 11101001 11111111 11101000  (L2058)
00699 001A64  53EAFFEC  01010011 11101010 11111111 11101100  (L2059)
0069A 001A68  53EBFFF0  01010011 11101011 11111111 11110000  (L2060)
0069B 001A6C  53ECFFF4  01010011 11101100 11111111 11110100  (L2061)
0069C 001A70  53EDFFF8  01010011 11101101 11111111 11111000  (L2062)
0069D 001A74  53EFFFFC  01010011 11101111 11111111 11111100  (L2063)
0069E 001A78  82E01000  10000010 11100000 00010000 00000000  (L2064)
0069F 001A7C  8D10FFC8  10001101 00010000 11111111 11001000  (L2065)
006A0 001A80  8CF0FFF0  10001100 11110000 11111111 11110000  (L2066)
006A1 001A84  8DF01924  10001101 11110000 00011001 00100100  (L2067)
006A2 001A88  100F0000  00010000 00001111 00000000 00000000  (L2068)
006A3 001A8C  52E1FFC8  01010010 11100001 11111111 11001000  (L2069)
006A4 001A90  52E2FFCC  01010010 11100010 11111111 11001100  (L2070)
006A5 001A94  52E3FFD0  01010010 11100011 11111111 11010000  (L2071)
006A6 001A98  52E4FFD4  01010010 11100100 11111111 11010100  (L2072)
006A7 001A9C  52E5FFD8  01010010 11100101 11111111 11011000  (L2073)
006A8 001AA0  52E6FFDC  01010010 11100110 11111111 11011100  (L2074)
006A9 001AA4  52E7FFE0  01010010 11100111 11111111 11100000  (L2075)
006AA 001AA8  52E8FFE4  01010010 11101000 11111111 11100100  (L2076)
006AB 001AAC  52E9FFE8  01010010 11101001 11111111 11101000  (L2077)
006AC 001AB0  52EAFFEC  01010010 11101010 11111111 11101100  (L2078)
006AD 001AB4  52EBFFF0  01010010 11101011 11111111 11110000  (L2079)
006AE 001AB8  52ECFFF4  01010010 11101100 11111111 11110100  (L2080)
006AF 001ABC  52EDFFF8  01010010 11101101 11111111 11111000  (L2081)
006B0 001AC0  52EFFFFC  01010010 11101111 11111111 11111100  (L2082)
006B1 001AC4  8DE0FFC8  10001101 11100000 11111111 11001000  (L2083)
006B2 001AC8  17000000  00010111 00000000 00000000 00000000  (L2084)
;
; [initIRQs:]
006B3 001ACC  8DE00004  10001101 11100000 00000000 00000100  (L2094)
006B4 001AD0  0C100000  00001100 00010000 00000000 00000000  (L2095)
006B5 001AD4  0C200000  00001100 00100000 00000000 00000000  (L2096)
006B6 001AD8  8C200400  10001100 00100000 00000100 00000000  (L2097)
006B7 001ADC  8D20041C  10001101 00100000 00000100 00011100  (L2098)
006B8 001AE0  0C300000  00001100 00110000 00000000 00000000  (L2099)
006B9 001AE4  8C30FFF0  10001100 00110000 11111111 11110000  (L2100)
006BA 001AE8  8D301B14  10001101 00110000 00011011 00010100  (L2101)
006BB 001AEC  0C400200  00001100 01000000 00000010 00000000  (L2102)
;
; [.LBB18_1:]
006BC 001AF0  02125000  00000010 00010010 01010000 00000000  (L2105)
006BD 001AF4  53530000  01010011 01010011 00000000 00000000  (L2106)
006BE 001AF8  0D100004  00001101 00010000 00000000 00000100  (L2107)
006BF 001AFC  03140000  00000011 00010100 00000000 00000000  (L2108)
006C0 001B00  8CF0FFF0  10001100 11110000 11111111 11110000  (L2109)
006C1 001B04  8DF01AF0  10001101 11110000 00011010 11110000  (L2110)
006C2 001B08  0F1F0000  00001111 00011111 00000000 00000000  (L2111)
006C3 001B0C  8DE0FFFC  10001101 11100000 11111111 11111100  (L2113)
006C4 001B10  11000000  00010001 00000000 00000000 00000000  (L2114)
;
; [defaultIRQHandler:]
006C5 001B14  8DE00008  10001101 11100000 00000000 00001000  (L2121)
006C6 001B18  53E8FFFC  01010011 11101000 11111111 11111100  (L2122)
006C7 001B1C  82208000  10000010 00100000 10000000 00000000  (L2123)
006C8 001B20  8CF0FFF0  10001100 11110000 11111111 11110000  (L2124)
006C9 001B24  8DF01C94  10001101 11110000 00011100 10010100  (L2125)
006CA 001B28  100F0000  00010000 00001111 00000000 00000000  (L2126)
006CB 001B2C  0C200000  00001100 00100000 00000000 00000000  (L2127)
006CC 001B30  0C100000  00001100 00010000 00000000 00000000  (L2128)
006CD 001B34  8C100400  10001100 00010000 00000100 00000000  (L2129)
006CE 001B38  8D100068  10001101 00010000 00000000 01101000  (L2130)
006CF 001B3C  8CF0FFF0  10001100 11110000 11111111 11110000  (L2131)
006D0 001B40  8DF00DDC  10001101 11110000 00001101 11011100  (L2132)
006D1 001B44  100F0000  00010000 00001111 00000000 00000000  (L2133)
006D2 001B48  01000000  00000001 00000000 00000000 00000000  (L2135)
006D3 001B4C  82801000  10000010 10000000 00010000 00000000  (L2137)
006D4 001B50  52E8FFFC  01010010 11101000 11111111 11111100  (L2138)
006D5 001B54  8DE0FFF8  10001101 11100000 11111111 11111000  (L2139)
006D6 001B58  11000000  00010001 00000000 00000000 00000000  (L2140)
;
; [registerIRQHandler:]
006D7 001B5C  8DE00004  10001101 11100000 00000000 00000100  (L2148)
006D8 001B60  0C30007F  00001100 00110000 00000000 01111111  (L2149)
006D9 001B64  03310000  00000011 00110001 00000000 00000000  (L2150)
006DA 001B68  8CF0FFF0  10001100 11110000 11111111 11110000  (L2151)
006DB 001B6C  8DF01BA4  10001101 11110000 00011011 10100100  (L2152)
006DC 001B70  0F4F0000  00001111 01001111 00000000 00000000  (L2153)
006DD 001B74  0C300000  00001100 00110000 00000000 00000000  (L2155)
006DE 001B78  03230000  00000011 00100011 00000000 00000000  (L2156)
006DF 001B7C  8CF0FFF0  10001100 11110000 11111111 11110000  (L2157)
006E0 001B80  8DF01BA4  10001101 11110000 00011011 10100100  (L2158)
006E1 001B84  0F0F0000  00001111 00001111 00000000 00000000  (L2159)
006E2 001B88  0C300002  00001100 00110000 00000000 00000010  (L2161)
006E3 001B8C  0A131000  00001010 00010011 00010000 00000000  (L2162)
006E4 001B90  0C300000  00001100 00110000 00000000 00000000  (L2163)
006E5 001B94  8C300400  10001100 00110000 00000100 00000000  (L2164)
006E6 001B98  8D30041C  10001101 00110000 00000100 00011100  (L2165)
006E7 001B9C  02131000  00000010 00010011 00010000 00000000  (L2166)
006E8 001BA0  53120000  01010011 00010010 00000000 00000000  (L2167)
;
; [.LBB20_3:]
006E9 001BA4  8DE0FFFC  10001101 11100000 11111111 11111100  (L2169)
006EA 001BA8  11000000  00010001 00000000 00000000 00000000  (L2170)
;
; [initLAPIC:]
006EB 001BAC  8DE00004  10001101 11100000 00000000 00000100  (L2178)
006EC 001BB0  0C100000  00001100 00010000 00000000 00000000  (L2179)
006ED 001BB4  8C10FFF0  10001100 00010000 11111111 11110000  (L2180)
006EE 001BB8  8D101E78  10001101 00010000 00011110 01111000  (L2181)
006EF 001BBC  0C200000  00001100 00100000 00000000 00000000  (L2182)
006F0 001BC0  8C200400  10001100 00100000 00000100 00000000  (L2183)
006F1 001BC4  8D200430  10001101 00100000 00000100 00110000  (L2184)
006F2 001BC8  53210000  01010011 00100001 00000000 00000000  (L2185)
006F3 001BCC  0C100000  00001100 00010000 00000000 00000000  (L2186)
006F4 001BD0  8C10FFF0  10001100 00010000 11111111 11110000  (L2187)
006F5 001BD4  8D101E10  10001101 00010000 00011110 00010000  (L2188)
006F6 001BD8  0C200000  00001100 00100000 00000000 00000000  (L2189)
006F7 001BDC  8C200400  10001100 00100000 00000100 00000000  (L2190)
006F8 001BE0  8D20042C  10001101 00100000 00000100 00101100  (L2191)
006F9 001BE4  53210000  01010011 00100001 00000000 00000000  (L2192)
006FA 001BE8  0C100000  00001100 00010000 00000000 00000000  (L2193)
006FB 001BEC  8C10FFF0  10001100 00010000 11111111 11110000  (L2194)
006FC 001BF0  8D101DA8  10001101 00010000 00011101 10101000  (L2195)
006FD 001BF4  0C200000  00001100 00100000 00000000 00000000  (L2196)
006FE 001BF8  8C200400  10001100 00100000 00000100 00000000  (L2197)
006FF 001BFC  8D200428  10001101 00100000 00000100 00101000  (L2198)
00700 001C00  53210000  01010011 00100001 00000000 00000000  (L2199)
00701 001C04  0C100000  00001100 00010000 00000000 00000000  (L2200)
00702 001C08  8C10FFF0  10001100 00010000 11111111 11110000  (L2201)
00703 001C0C  8D101D40  10001101 00010000 00011101 01000000  (L2202)
00704 001C10  0C200000  00001100 00100000 00000000 00000000  (L2203)
00705 001C14  8C200400  10001100 00100000 00000100 00000000  (L2204)
00706 001C18  8D200424  10001101 00100000 00000100 00100100  (L2205)
00707 001C1C  53210000  01010011 00100001 00000000 00000000  (L2206)
00708 001C20  0C100000  00001100 00010000 00000000 00000000  (L2207)
00709 001C24  8C10FFF0  10001100 00010000 11111111 11110000  (L2208)
0070A 001C28  8D101CD8  10001101 00010000 00011100 11011000  (L2209)
0070B 001C2C  0C200000  00001100 00100000 00000000 00000000  (L2210)
0070C 001C30  8C200400  10001100 00100000 00000100 00000000  (L2211)
0070D 001C34  8D200420  10001101 00100000 00000100 00100000  (L2212)
0070E 001C38  53210000  01010011 00100001 00000000 00000000  (L2213)
0070F 001C3C  0C100000  00001100 00010000 00000000 00000000  (L2214)
00710 001C40  8C10FFF0  10001100 00010000 11111111 11110000  (L2215)
00711 001C44  8D101A3C  10001101 00010000 00011010 00111100  (L2216)
00712 001C48  151C0000  00010101 00011100 00000000 00000000  (L2218)
00713 001C4C  0C100000  00001100 00010000 00000000 00000000  (L2220)
00714 001C50  8C100400  10001100 00010000 00000100 00000000  (L2221)
00715 001C54  8D100064  10001101 00010000 00000000 01100100  (L2222)
00716 001C58  52110000  01010010 00010001 00000000 00000000  (L2223)
00717 001C5C  0C200000  00001100 00100000 00000000 00000000  (L2224)
00718 001C60  8C20FEE0  10001100 00100000 11111110 11100000  (L2225)
00719 001C64  8D200000  10001101 00100000 00000000 00000000  (L2226)
0071A 001C68  53120000  01010011 00010010 00000000 00000000  (L2227)
0071B 001C6C  0C200000  00001100 00100000 00000000 00000000  (L2228)
0071C 001C70  53120004  01010011 00010010 00000000 00000100  (L2229)
0071D 001C74  5312000C  01010011 00010010 00000000 00001100  (L2230)
0071E 001C78  0C200003  00001100 00100000 00000000 00000011  (L2231)
0071F 001C7C  53120008  01010011 00010010 00000000 00001000  (L2232)
00720 001C80  8CF0FFF0  10001100 11110000 11111111 11110000  (L2233)
00721 001C84  8DF01CB8  10001101 11110000 00011100 10111000  (L2234)
00722 001C88  100F0000  00010000 00001111 00000000 00000000  (L2235)
00723 001C8C  8DE0FFFC  10001101 11100000 11111111 11111100  (L2236)
00724 001C90  11000000  00010001 00000000 00000000 00000000  (L2237)
;
; [irqOff:]
00725 001C94  8DE00004  10001101 11100000 00000000 00000100  (L2245)
00726 001C98  14810000  00010100 10000001 00000000 00000000  (L2247)
00727 001C9C  0C200000  00001100 00100000 00000000 00000000  (L2249)
00728 001CA0  8C200000  10001100 00100000 00000000 00000000  (L2250)
00729 001CA4  8D20FFFB  10001101 00100000 11111111 11111011  (L2251)
0072A 001CA8  07121000  00000111 00010010 00010000 00000000  (L2252)
0072B 001CAC  15180000  00010101 00011000 00000000 00000000  (L2254)
0072C 001CB0  8DE0FFFC  10001101 11100000 11111111 11111100  (L2256)
0072D 001CB4  11000000  00010001 00000000 00000000 00000000  (L2257)
;
; [irqOn:]
0072E 001CB8  8DE00004  10001101 11100000 00000000 00000100  (L2265)
0072F 001CBC  14810000  00010100 10000001 00000000 00000000  (L2267)
00730 001CC0  0C200004  00001100 00100000 00000000 00000100  (L2269)
00731 001CC4  06121000  00000110 00010010 00010000 00000000  (L2270)
00732 001CC8  06111000  00000110 00010001 00010000 00000000  (L2271)
00733 001CCC  15180000  00010101 00011000 00000000 00000000  (L2273)
00734 001CD0  8DE0FFFC  10001101 11100000 11111111 11111100  (L2275)
00735 001CD4  11000000  00010001 00000000 00000000 00000000  (L2276)
;
; [pageFault:]
00736 001CD8  8DE00008  10001101 11100000 00000000 00001000  (L2284)
00737 001CDC  53E8FFFC  01010011 11101000 11111111 11111100  (L2285)
00738 001CE0  82208000  10000010 00100000 10000000 00000000  (L2286)
00739 001CE4  14810000  00010100 10000001 00000000 00000000  (L2288)
0073A 001CE8  0C200000  00001100 00100000 00000000 00000000  (L2290)
0073B 001CEC  8C200000  10001100 00100000 00000000 00000000  (L2291)
0073C 001CF0  8D20FFFB  10001101 00100000 11111111 11111011  (L2292)
0073D 001CF4  07121000  00000111 00010010 00010000 00000000  (L2293)
0073E 001CF8  15180000  00010101 00011000 00000000 00000000  (L2295)
0073F 001CFC  0C100001  00001100 00010000 00000000 00000001  (L2297)
00740 001D00  0C200000  00001100 00100000 00000000 00000000  (L2298)
00741 001D04  8C200400  10001100 00100000 00000100 00000000  (L2299)
00742 001D08  8D20061C  10001101 00100000 00000110 00011100  (L2300)
00743 001D0C  13210000  00010011 00100001 00000000 00000000  (L2301)
00744 001D10  0C200000  00001100 00100000 00000000 00000000  (L2302)
00745 001D14  0C100000  00001100 00010000 00000000 00000000  (L2303)
00746 001D18  8C100400  10001100 00010000 00000100 00000000  (L2304)
00747 001D1C  8D100083  10001101 00010000 00000000 10000011  (L2305)
00748 001D20  8CF0FFF0  10001100 11110000 11111111 11110000  (L2306)
00749 001D24  8DF00DDC  10001101 11110000 00001101 11011100  (L2307)
0074A 001D28  100F0000  00010000 00001111 00000000 00000000  (L2308)
0074B 001D2C  01000000  00000001 00000000 00000000 00000000  (L2310)
0074C 001D30  82801000  10000010 10000000 00010000 00000000  (L2312)
0074D 001D34  52E8FFFC  01010010 11101000 11111111 11111100  (L2313)
0074E 001D38  8DE0FFF8  10001101 11100000 11111111 11111000  (L2314)
0074F 001D3C  11000000  00010001 00000000 00000000 00000000  (L2315)
;
; [alignamentFault:]
00750 001D40  8DE00008  10001101 11100000 00000000 00001000  (L2323)
00751 001D44  53E8FFFC  01010011 11101000 11111111 11111100  (L2324)
00752 001D48  82208000  10000010 00100000 10000000 00000000  (L2325)
00753 001D4C  14810000  00010100 10000001 00000000 00000000  (L2327)
00754 001D50  0C200000  00001100 00100000 00000000 00000000  (L2329)
00755 001D54  8C200000  10001100 00100000 00000000 00000000  (L2330)
00756 001D58  8D20FFFB  10001101 00100000 11111111 11111011  (L2331)
00757 001D5C  07121000  00000111 00010010 00010000 00000000  (L2332)
00758 001D60  15180000  00010101 00011000 00000000 00000000  (L2334)
00759 001D64  0C100001  00001100 00010000 00000000 00000001  (L2336)
0075A 001D68  0C200000  00001100 00100000 00000000 00000000  (L2337)
0075B 001D6C  8C200400  10001100 00100000 00000100 00000000  (L2338)
0075C 001D70  8D20061C  10001101 00100000 00000110 00011100  (L2339)
0075D 001D74  13210000  00010011 00100001 00000000 00000000  (L2340)
0075E 001D78  0C200000  00001100 00100000 00000000 00000000  (L2341)
0075F 001D7C  0C100000  00001100 00010000 00000000 00000000  (L2342)
00760 001D80  8C100400  10001100 00010000 00000100 00000000  (L2343)
00761 001D84  8D1000A8  10001101 00010000 00000000 10101000  (L2344)
00762 001D88  8CF0FFF0  10001100 11110000 11111111 11110000  (L2345)
00763 001D8C  8DF00DDC  10001101 11110000 00001101 11011100  (L2346)
00764 001D90  100F0000  00010000 00001111 00000000 00000000  (L2347)
00765 001D94  01000000  00000001 00000000 00000000 00000000  (L2349)
00766 001D98  82801000  10000010 10000000 00010000 00000000  (L2351)
00767 001D9C  52E8FFFC  01010010 11101000 11111111 11111100  (L2352)
00768 001DA0  8DE0FFF8  10001101 11100000 11111111 11111000  (L2353)
00769 001DA4  11000000  00010001 00000000 00000000 00000000  (L2354)
;
; [generalProtectionFault:]
0076A 001DA8  8DE00008  10001101 11100000 00000000 00001000  (L2362)
0076B 001DAC  53E8FFFC  01010011 11101000 11111111 11111100  (L2363)
0076C 001DB0  82208000  10000010 00100000 10000000 00000000  (L2364)
0076D 001DB4  14810000  00010100 10000001 00000000 00000000  (L2366)
0076E 001DB8  0C200000  00001100 00100000 00000000 00000000  (L2368)
0076F 001DBC  8C200000  10001100 00100000 00000000 00000000  (L2369)
00770 001DC0  8D20FFFB  10001101 00100000 11111111 11111011  (L2370)
00771 001DC4  07121000  00000111 00010010 00010000 00000000  (L2371)
00772 001DC8  15180000  00010101 00011000 00000000 00000000  (L2373)
00773 001DCC  0C100001  00001100 00010000 00000000 00000001  (L2375)
00774 001DD0  0C200000  00001100 00100000 00000000 00000000  (L2376)
00775 001DD4  8C200400  10001100 00100000 00000100 00000000  (L2377)
00776 001DD8  8D20061C  10001101 00100000 00000110 00011100  (L2378)
00777 001DDC  13210000  00010011 00100001 00000000 00000000  (L2379)
00778 001DE0  0C200000  00001100 00100000 00000000 00000000  (L2380)
00779 001DE4  0C100000  00001100 00010000 00000000 00000000  (L2381)
0077A 001DE8  8C100400  10001100 00010000 00000100 00000000  (L2382)
0077B 001DEC  8D1000C7  10001101 00010000 00000000 11000111  (L2383)
0077C 001DF0  8CF0FFF0  10001100 11110000 11111111 11110000  (L2384)
0077D 001DF4  8DF00DDC  10001101 11110000 00001101 11011100  (L2385)
0077E 001DF8  100F0000  00010000 00001111 00000000 00000000  (L2386)
0077F 001DFC  01000000  00000001 00000000 00000000 00000000  (L2388)
00780 001E00  82801000  10000010 10000000 00010000 00000000  (L2390)
00781 001E04  52E8FFFC  01010010 11101000 11111111 11111100  (L2391)
00782 001E08  8DE0FFF8  10001101 11100000 11111111 11111000  (L2392)
00783 001E0C  11000000  00010001 00000000 00000000 00000000  (L2393)
;
; [invalidOpCode:]
00784 001E10  8DE00008  10001101 11100000 00000000 00001000  (L2401)
00785 001E14  53E8FFFC  01010011 11101000 11111111 11111100  (L2402)
00786 001E18  82208000  10000010 00100000 10000000 00000000  (L2403)
00787 001E1C  14810000  00010100 10000001 00000000 00000000  (L2405)
00788 001E20  0C200000  00001100 00100000 00000000 00000000  (L2407)
00789 001E24  8C200000  10001100 00100000 00000000 00000000  (L2408)
0078A 001E28  8D20FFFB  10001101 00100000 11111111 11111011  (L2409)
0078B 001E2C  07121000  00000111 00010010 00010000 00000000  (L2410)
0078C 001E30  15180000  00010101 00011000 00000000 00000000  (L2412)
0078D 001E34  0C100001  00001100 00010000 00000000 00000001  (L2414)
0078E 001E38  0C200000  00001100 00100000 00000000 00000000  (L2415)
0078F 001E3C  8C200400  10001100 00100000 00000100 00000000  (L2416)
00790 001E40  8D20061C  10001101 00100000 00000110 00011100  (L2417)
00791 001E44  13210000  00010011 00100001 00000000 00000000  (L2418)
00792 001E48  0C200000  00001100 00100000 00000000 00000000  (L2419)
00793 001E4C  0C100000  00001100 00010000 00000000 00000000  (L2420)
00794 001E50  8C100400  10001100 00010000 00000100 00000000  (L2421)
00795 001E54  8D1000EE  10001101 00010000 00000000 11101110  (L2422)
00796 001E58  8CF0FFF0  10001100 11110000 11111111 11110000  (L2423)
00797 001E5C  8DF00DDC  10001101 11110000 00001101 11011100  (L2424)
00798 001E60  100F0000  00010000 00001111 00000000 00000000  (L2425)
00799 001E64  01000000  00000001 00000000 00000000 00000000  (L2427)
0079A 001E68  82801000  10000010 10000000 00010000 00000000  (L2429)
0079B 001E6C  52E8FFFC  01010010 11101000 11111111 11111100  (L2430)
0079C 001E70  8DE0FFF8  10001101 11100000 11111111 11111000  (L2431)
0079D 001E74  11000000  00010001 00000000 00000000 00000000  (L2432)
;
; [doubleFault:]
0079E 001E78  8DE00008  10001101 11100000 00000000 00001000  (L2440)
0079F 001E7C  53E8FFFC  01010011 11101000 11111111 11111100  (L2441)
007A0 001E80  82208000  10000010 00100000 10000000 00000000  (L2442)
007A1 001E84  14810000  00010100 10000001 00000000 00000000  (L2444)
007A2 001E88  0C200000  00001100 00100000 00000000 00000000  (L2446)
007A3 001E8C  8C200000  10001100 00100000 00000000 00000000  (L2447)
007A4 001E90  8D20FFFB  10001101 00100000 11111111 11111011  (L2448)
007A5 001E94  07121000  00000111 00010010 00010000 00000000  (L2449)
007A6 001E98  15180000  00010101 00011000 00000000 00000000  (L2451)
007A7 001E9C  0C100001  00001100 00010000 00000000 00000001  (L2453)
007A8 001EA0  0C200000  00001100 00100000 00000000 00000000  (L2454)
007A9 001EA4  8C200400  10001100 00100000 00000100 00000000  (L2455)
007AA 001EA8  8D20061C  10001101 00100000 00000110 00011100  (L2456)
007AB 001EAC  13210000  00010011 00100001 00000000 00000000  (L2457)
007AC 001EB0  0C200000  00001100 00100000 00000000 00000000  (L2458)
007AD 001EB4  0C100000  00001100 00010000 00000000 00000000  (L2459)
007AE 001EB8  8C100400  10001100 00010000 00000100 00000000  (L2460)
007AF 001EBC  8D10010B  10001101 00010000 00000001 00001011  (L2461)
007B0 001EC0  8CF0FFF0  10001100 11110000 11111111 11110000  (L2462)
007B1 001EC4  8DF00DDC  10001101 11110000 00001101 11011100  (L2463)
007B2 001EC8  100F0000  00010000 00001111 00000000 00000000  (L2464)
007B3 001ECC  01000000  00000001 00000000 00000000 00000000  (L2466)
007B4 001ED0  82801000  10000010 10000000 00010000 00000000  (L2468)
007B5 001ED4  52E8FFFC  01010010 11101000 11111111 11111100  (L2469)
007B6 001ED8  8DE0FFF8  10001101 11100000 11111111 11111000  (L2470)
007B7 001EDC  11000000  00010001 00000000 00000000 00000000  (L2471)
;
; [syscallsHandler:]
007B8 001EE0  8DE00004  10001101 11100000 00000000 00000100  (L2479)
007B9 001EE4  82301000  10000010 00110000 00010000 00000000  (L2480)
007BA 001EE8  0D100004  00001101 00010000 00000000 00000100  (L2481)
007BB 001EEC  8DE0FFFC  10001101 11100000 11111111 11111100  (L2482)
007BC 001EF0  11000000  00010001 00000000 00000000 00000000  (L2483)
;
; [final:]
007BD 001EF4  8DE00004  10001101 11100000 00000000 00000100  (L2491)
;
; [.LBB30_1:]
007BE 001EF8  01000000  00000001 00000000 00000000 00000000  (L2495)
007BF 001EFC  8CF0FFF0  10001100 11110000 11111111 11110000  (L2497)
007C0 001F00  8DF01EF8  10001101 11110000 00011110 11111000  (L2498)
007C1 001F04  0E0F0000  00001110 00001111 00000000 00000000  (L2499)
;
; [main:]
007C2 001F08  8DE0001C  10001101 11100000 00000000 00011100  (L2507)
007C3 001F0C  53E8FFF0  01010011 11101000 11111111 11110000  (L2508)
007C4 001F10  53E9FFEC  01010011 11101001 11111111 11101100  (L2509)
007C5 001F14  53EAFFE8  01010011 11101010 11111111 11101000  (L2510)
007C6 001F18  8CF0FFF0  10001100 11110000 11111111 11110000  (L2511)
007C7 001F1C  8DF01ACC  10001101 11110000 00011010 11001100  (L2512)
007C8 001F20  100F0000  00010000 00001111 00000000 00000000  (L2513)
007C9 001F24  8CF0FFF0  10001100 11110000 11111111 11110000  (L2514)
007CA 001F28  8DF01BAC  10001101 11110000 00011011 10101100  (L2515)
007CB 001F2C  100F0000  00010000 00001111 00000000 00000000  (L2516)
007CC 001F30  8CF0FFF0  10001100 11110000 11111111 11110000  (L2517)
007CD 001F34  8DF01858  10001101 11110000 00011000 01011000  (L2518)
007CE 001F38  100F0000  00010000 00001111 00000000 00000000  (L2519)
007CF 001F3C  8CF0FFF0  10001100 11110000 11111111 11110000  (L2520)
007D0 001F40  8DF00B70  10001101 11110000 00001011 01110000  (L2521)
007D1 001F44  100F0000  00010000 00001111 00000000 00000000  (L2522)
007D2 001F48  0C800000  00001100 10000000 00000000 00000000  (L2523)
007D3 001F4C  03180000  00000011 00011000 00000000 00000000  (L2524)
007D4 001F50  8CF0FFF0  10001100 11110000 11111111 11110000  (L2525)
007D5 001F54  8DF02090  10001101 11110000 00100000 10010000  (L2526)
007D6 001F58  0F0F0000  00001111 00001111 00000000 00000000  (L2527)
007D7 001F5C  0C100000  00001100 00010000 00000000 00000000  (L2529)
007D8 001F60  8C100400  10001100 00010000 00000100 00000000  (L2530)
007D9 001F64  8D10012C  10001101 00010000 00000001 00101100  (L2531)
007DA 001F68  82802000  10000010 10000000 00100000 00000000  (L2532)
007DB 001F6C  8CF0FFF0  10001100 11110000 11111111 11110000  (L2533)
007DC 001F70  8DF00DDC  10001101 11110000 00001101 11011100  (L2534)
007DD 001F74  100F0000  00010000 00001111 00000000 00000000  (L2535)
007DE 001F78  0C100000  00001100 00010000 00000000 00000000  (L2536)
007DF 001F7C  8C100400  10001100 00010000 00000100 00000000  (L2537)
007E0 001F80  8D10014E  10001101 00010000 00000001 01001110  (L2538)
007E1 001F84  82802000  10000010 10000000 00100000 00000000  (L2539)
007E2 001F88  8CF0FFF0  10001100 11110000 11111111 11110000  (L2540)
007E3 001F8C  8DF00DDC  10001101 11110000 00001101 11011100  (L2541)
007E4 001F90  100F0000  00010000 00001111 00000000 00000000  (L2542)
007E5 001F94  0C100000  00001100 00010000 00000000 00000000  (L2543)
007E6 001F98  8C100400  10001100 00010000 00000100 00000000  (L2544)
007E7 001F9C  8D100620  10001101 00010000 00000110 00100000  (L2545)
007E8 001FA0  52110000  01010010 00010001 00000000 00000000  (L2546)
007E9 001FA4  8CF0FFF0  10001100 11110000 11111111 11110000  (L2547)
007EA 001FA8  8DF00F28  10001101 11110000 00001111 00101000  (L2548)
007EB 001FAC  100F0000  00010000 00001111 00000000 00000000  (L2549)
007EC 001FB0  82802000  10000010 10000000 00100000 00000000  (L2550)
007ED 001FB4  8CF0FFF0  10001100 11110000 11111111 11110000  (L2551)
007EE 001FB8  8DF00DDC  10001101 11110000 00001101 11011100  (L2552)
007EF 001FBC  100F0000  00010000 00001111 00000000 00000000  (L2553)
007F0 001FC0  0C100000  00001100 00010000 00000000 00000000  (L2554)
007F1 001FC4  8C100400  10001100 00010000 00000100 00000000  (L2555)
007F2 001FC8  8D100153  10001101 00010000 00000001 01010011  (L2556)
007F3 001FCC  82802000  10000010 10000000 00100000 00000000  (L2557)
007F4 001FD0  8CF0FFF0  10001100 11110000 11111111 11110000  (L2558)
007F5 001FD4  8DF00DDC  10001101 11110000 00001101 11011100  (L2559)
007F6 001FD8  100F0000  00010000 00001111 00000000 00000000  (L2560)
007F7 001FDC  0C100000  00001100 00010000 00000000 00000000  (L2561)
007F8 001FE0  8C100400  10001100 00010000 00000100 00000000  (L2562)
007F9 001FE4  8D10016F  10001101 00010000 00000001 01101111  (L2563)
007FA 001FE8  82802000  10000010 10000000 00100000 00000000  (L2564)
007FB 001FEC  8CF0FFF0  10001100 11110000 11111111 11110000  (L2565)
007FC 001FF0  8DF00DDC  10001101 11110000 00001101 11011100  (L2566)
007FD 001FF4  100F0000  00010000 00001111 00000000 00000000  (L2567)
007FE 001FF8  8CF0FFF0  10001100 11110000 11111111 11110000  (L2568)
007FF 001FFC  8DF00270  10001101 11110000 00000010 01110000  (L2569)
00800 002000  100F0000  00010000 00001111 00000000 00000000  (L2570)
00801 002004  03180000  00000011 00011000 00000000 00000000  (L2571)
00802 002008  8CF0FFF0  10001100 11110000 11111111 11110000  (L2572)
00803 00200C  8DF020A0  10001101 11110000 00100000 10100000  (L2573)
00804 002010  0F0F0000  00001111 00001111 00000000 00000000  (L2574)
00805 002014  0C800000  00001100 10000000 00000000 00000000  (L2576)
00806 002018  02E09000  00000010 11100000 10010000 00000000  (L2577)
00807 00201C  8D90FFF4  10001101 10010000 11111111 11110100  (L2578)
00808 002020  0CA0000A  00001100 10100000 00000000 00001010  (L2579)
;
; [.LBB31_6:]
00809 002024  0C100000  00001100 00010000 00000000 00000000  (L2582)
0080A 002028  8C100400  10001100 00010000 00000100 00000000  (L2583)
0080B 00202C  8D1001A6  10001101 00010000 00000001 10100110  (L2584)
0080C 002030  82802000  10000010 10000000 00100000 00000000  (L2585)
0080D 002034  8CF0FFF0  10001100 11110000 11111111 11110000  (L2586)
0080E 002038  8DF00DDC  10001101 11110000 00001101 11011100  (L2587)
0080F 00203C  100F0000  00010000 00001111 00000000 00000000  (L2588)
00810 002040  82901000  10000010 10010000 00010000 00000000  (L2589)
00811 002044  82A02000  10000010 10100000 00100000 00000000  (L2590)
00812 002048  8CF0FFF0  10001100 11110000 11111111 11110000  (L2591)
00813 00204C  8DF0043C  10001101 11110000 00000100 00111100  (L2592)
00814 002050  100F0000  00010000 00001111 00000000 00000000  (L2593)
00815 002054  82901000  10000010 10010000 00010000 00000000  (L2594)
00816 002058  82802000  10000010 10000000 00100000 00000000  (L2595)
00817 00205C  8CF0FFF0  10001100 11110000 11111111 11110000  (L2596)
00818 002060  8DF00DDC  10001101 11110000 00001101 11011100  (L2597)
00819 002064  100F0000  00010000 00001111 00000000 00000000  (L2598)
0081A 002068  0C100000  00001100 00010000 00000000 00000000  (L2599)
0081B 00206C  8C100400  10001100 00010000 00000100 00000000  (L2600)
0081C 002070  8D1001AF  10001101 00010000 00000001 10101111  (L2601)
0081D 002074  82802000  10000010 10000000 00100000 00000000  (L2602)
0081E 002078  8CF0FFF0  10001100 11110000 11111111 11110000  (L2603)
0081F 00207C  8DF00DDC  10001101 11110000 00001101 11011100  (L2604)
00820 002080  100F0000  00010000 00001111 00000000 00000000  (L2605)
00821 002084  8CF0FFF0  10001100 11110000 11111111 11110000  (L2606)
00822 002088  8DF02024  10001101 11110000 00100000 00100100  (L2607)
00823 00208C  0E0F0000  00001110 00001111 00000000 00000000  (L2608)
;
; [.LBB31_1:]
00824 002090  01000000  00000001 00000000 00000000 00000000  (L2612)
00825 002094  8CF0FFF0  10001100 11110000 11111111 11110000  (L2614)
00826 002098  8DF02090  10001101 11110000 00100000 10010000  (L2615)
00827 00209C  0E0F0000  00001110 00001111 00000000 00000000  (L2616)
;
; [.LBB31_3:]
00828 0020A0  0C200000  00001100 00100000 00000000 00000000  (L2618)
00829 0020A4  0C100000  00001100 00010000 00000000 00000000  (L2619)
0082A 0020A8  8C100400  10001100 00010000 00000100 00000000  (L2620)
0082B 0020AC  8D10018D  10001101 00010000 00000001 10001101  (L2621)
0082C 0020B0  8CF0FFF0  10001100 11110000 11111111 11110000  (L2622)
0082D 0020B4  8DF00DDC  10001101 11110000 00001101 11011100  (L2623)
0082E 0020B8  100F0000  00010000 00001111 00000000 00000000  (L2624)
;
; [.LBB31_4:]
0082F 0020BC  01000000  00000001 00000000 00000000 00000000  (L2628)
00830 0020C0  8CF0FFF0  10001100 11110000 11111111 11110000  (L2630)
00831 0020C4  8DF020BC  10001101 11110000 00100000 10111100  (L2631)
00832 0020C8  0E0F0000  00001110 00001111 00000000 00000000  (L2632)
;
; [.Lfunc_end31:]
00833 0020CC  FFF006B4  11111111 11110000 00000110 10110100  (L0)
00834 0020D0  FFF006F0  11111111 11110000 00000110 11110000  (L0)
00835 0020D4  FFF0072C  11111111 11110000 00000111 00101100  (L0)
00836 0020D8  FFF00708  11111111 11110000 00000111 00001000  (L0)
00837 0020DC  FFF00988  11111111 11110000 00001001 10001000  (L0)
00838 0020E0  FFF009F0  11111111 11110000 00001001 11110000  (L0)
00839 0020E4  FFF00A2C  11111111 11110000 00001010 00101100  (L0)
0083A 0020E8  FFF00A08  11111111 11110000 00001010 00001000  (L0)
0083B 0020EC  FFF007DC  11111111 11110000 00000111 11011100  (L0)
0083C 0020F0  FFF009A8  11111111 11110000 00001001 10101000  (L0)
0083D 0020F4  FFF009E0  11111111 11110000 00001001 11100000  (L0)
0083E 0020F8  FFF009C0  11111111 11110000 00001001 11000000  (L0)
0083F 0020FC  08000A0D  00001000 00000000 00001010 00001101  (L0)
00840 002100  52490A00  01010010 01001001 00001010 00000000  (L0)
00841 002104  64207351  01100100 00100000 01110011 01010001  (L0)
00842 002108  61687365  01100001 01101000 01110011 01100101  (L0)
00843 00210C  696C6962  01101001 01101100 01101001 01100010  (L0)
00844 002110  61646174  01100001 01100100 01100001 01110100  (L0)
00845 002114  49202E73  01001001 00100000 00101110 01110011  (L0)
00846 002118  736F706D  01110011 01101111 01110000 01101101  (L0)
00847 00211C  656C6269  01100101 01101100 01100010 01101001  (L0)
00848 002120  65656C20  01100101 01100101 01101100 00100000  (L0)
00849 002124  61642072  01100001 01100100 00100000 01110010  (L0)
0084A 002128  2E736F74  00101110 01110011 01101111 01110100  (L0)
0084B 00212C  00000000  00000000 00000000 00000000 00000000  (L0)
0084C 002130  FEE00000  11111110 11100000 00000000 00000000  (L0)
0084D 002134  61746146  01100001 01110100 01100001 01000110  (L0)
0084E 002138  7245206C  01110010 01000101 00100000 01101100  (L0)
0084F 00213C  3A726F72  00111010 01110010 01101111 01110010  (L0)
00850 002140  686E5520  01101000 01101110 01010101 00100000  (L0)
00851 002144  6C646E61  01101100 01100100 01101110 01100001  (L0)
00852 002148  49206465  01001001 00100000 01100100 01100101  (L0)
00853 00214C  0A005152  00001010 00000000 01010001 01010010  (L0)
00854 002150  61746146  01100001 01110100 01100001 01000110  (L0)
00855 002154  7245206C  01110010 01000101 00100000 01101100  (L0)
00856 002158  3A726F72  00111010 01110010 01101111 01110010  (L0)
00857 00215C  67615020  01100111 01100001 01010000 00100000  (L0)
00858 002160  61462065  01100001 01000110 00100000 01100101  (L0)
00859 002164  20746C75  00100000 01110100 01101100 01110101  (L0)
0085A 002168  68746977  01101000 01110100 01101001 01110111  (L0)
0085B 00216C  2074756F  00100000 01110100 01110101 01101111  (L0)
0085C 002170  00554D4D  00000000 01010101 01001101 01001101  (L0)
0085D 002174  7461460A  01110100 01100001 01000110 00001010  (L0)
0085E 002178  45206C61  01000101 00100000 01101100 01100001  (L0)
0085F 00217C  726F7272  01110010 01101111 01110010 01110010  (L0)
00860 002180  6C41203A  01101100 01000001 00100000 00111010  (L0)
00861 002184  616E6769  01100001 01101110 01100111 01101001  (L0)
00862 002188  746E656D  01110100 01101110 01100101 01101101  (L0)
00863 00218C  75614620  01110101 01100001 01000110 00100000  (L0)
00864 002190  0A00746C  00001010 00000000 01110100 01101100  (L0)
00865 002194  61746146  01100001 01110100 01100001 01000110  (L0)
00866 002198  7245206C  01110010 01000101 00100000 01101100  (L0)
00867 00219C  3A726F72  00111010 01110010 01101111 01110010  (L0)
00868 0021A0  6E654720  01101110 01100101 01000111 00100000  (L0)
00869 0021A4  6C617265  01101100 01100001 01110010 01100101  (L0)
0086A 0021A8  6F725020  01101111 01110010 01010000 00100000  (L0)
0086B 0021AC  74636574  01110100 01100011 01100101 01110100  (L0)
0086C 0021B0  206E6F69  00100000 01101110 01101111 01101001  (L0)
0086D 0021B4  6C756146  01101100 01110101 01100001 01000110  (L0)
0086E 0021B8  460A0074  01000110 00001010 00000000 01110100  (L0)
0086F 0021BC  6C617461  01101100 01100001 01110100 01100001  (L0)
00870 0021C0  72724520  01110010 01110010 01000101 00100000  (L0)
00871 0021C4  203A726F  00100000 00111010 01110010 01101111  (L0)
00872 0021C8  61766E49  01100001 01110110 01101110 01001001  (L0)
00873 0021CC  2064696C  00100000 01100100 01101001 01101100  (L0)
00874 0021D0  6F43704F  01101111 01000011 01110000 01001111  (L0)
00875 0021D4  0A006564  00001010 00000000 01100101 01100100  (L0)
00876 0021D8  61746146  01100001 01110100 01100001 01000110  (L0)
00877 0021DC  7245206C  01110010 01000101 00100000 01101100  (L0)
00878 0021E0  3A726F72  00111010 01110010 01101111 01110010  (L0)
00879 0021E4  756F4420  01110101 01101111 01000100 00100000  (L0)
0087A 0021E8  20656C62  00100000 01100101 01101100 01100010  (L0)
0087B 0021EC  6C756146  01101100 01110101 01100001 01000110  (L0)
0087C 0021F0  00000074  00000000 00000000 00000000 01110100  (L0)
0087D 0021F4  08000000  00001000 00000000 00000000 00000000  (L0)
0087E 0021F8  6D756E45  01101101 01110101 01101110 01000101  (L0)
0087F 0021FC  63617265  01100011 01100001 01110010 01100101  (L0)
00880 002200  206E6F69  00100000 01101110 01101111 01101001  (L0)
00881 002204  62206564  01100010 00100000 01100101 01100100  (L0)
00882 002208  73657375  01110011 01100101 01110011 01110101  (L0)
00883 00220C  6E696620  01101110 01101001 01100110 00100000  (L0)
00884 002210  7A696C61  01111010 01101001 01101100 01100001  (L0)
00885 002214  2E616461  00101110 01100001 01100100 01100001  (L0)
00886 002218  6148000A  01100001 01001000 00000000 00001010  (L0)
00887 00221C  20002079  00100000 00000000 00100000 01111001  (L0)
00888 002220  70736964  01110000 01110011 01101001 01100100  (L0)
00889 002224  7469736F  01110100 01101001 01110011 01101111  (L0)
0088A 002228  736F7669  01110011 01101111 01110110 01101001  (L0)
0088B 00222C  6E6F6320  01101110 01101111 01100011 00100000  (L0)
0088C 002230  61746365  01100001 01110100 01100011 01100101  (L0)
0088D 002234  2E736F64  00101110 01110011 01101111 01100100  (L0)
0088E 002238  4C000A0A  01001100 00000000 00001010 00001010  (L0)
0088F 00223C  43495041  01000011 01001001 01010000 01000001  (L0)
00890 002240  49206520  01001001 00100000 01100101 00100000  (L0)
00891 002244  20735152  00100000 01110011 01010001 01010010  (L0)
00892 002248  63696E69  01100011 01101001 01101110 01101001  (L0)
00893 00224C  696C6169  01101001 01101100 01100001 01101001  (L0)
00894 002250  6164617A  01100001 01100100 01100001 01111010  (L0)
00895 002254  0A0A2E73  00001010 00001010 00101110 01110011  (L0)
00896 002258  206F4E00  00100000 01101111 01001110 00000000  (L0)
00897 00225C  20796168  00100000 01111001 01100001 01101000  (L0)
00898 002260  6C636574  01101100 01100011 01100101 01110100  (L0)
00899 002264  206F6461  00100000 01101111 01100100 01100001  (L0)
0089A 002268  656E6F63  01100101 01101110 01101111 01100011  (L0)
0089B 00226C  64617463  01100100 01100001 01110100 01100011  (L0)
0089C 002270  7345006F  01110011 01000101 00000000 01101111  (L0)
0089D 002274  62697263  01100010 01101001 01110010 01100011  (L0)
0089E 002278  0A002061  00001010 00000000 00100000 01100001  (L0)
0089F 00227C  00000000  00000000 00000000 00000000 00000000  (L0)
;
; [.start:]
008A0 002280  8CF0FFF0  10001100 11110000 11111111 11110000  (L0)
008A1 002284  8DF020CC  10001101 11110000 00100000 11001100  (L0)
008A2 002288  8C100400  10001100 00010000 00000100 00000000  (L0)
008A3 00228C  8D100000  10001101 00010000 00000000 00000000  (L0)
008A4 002290  52F20000  01010010 11110010 00000000 00000000  (L0)
008A5 002294  53120000  01010011 00010010 00000000 00000000  (L0)
008A6 002298  52F20004  01010010 11110010 00000000 00000100  (L0)
008A7 00229C  53120004  01010011 00010010 00000000 00000100  (L0)
008A8 0022A0  52F20008  01010010 11110010 00000000 00001000  (L0)
008A9 0022A4  53120008  01010011 00010010 00000000 00001000  (L0)
008AA 0022A8  52F2000C  01010010 11110010 00000000 00001100  (L0)
008AB 0022AC  5312000C  01010011 00010010 00000000 00001100  (L0)
008AC 0022B0  52F20010  01010010 11110010 00000000 00010000  (L0)
008AD 0022B4  53120010  01010011 00010010 00000000 00010000  (L0)
008AE 0022B8  52F20014  01010010 11110010 00000000 00010100  (L0)
008AF 0022BC  53120014  01010011 00010010 00000000 00010100  (L0)
008B0 0022C0  52F20018  01010010 11110010 00000000 00011000  (L0)
008B1 0022C4  53120018  01010011 00010010 00000000 00011000  (L0)
008B2 0022C8  52F2001C  01010010 11110010 00000000 00011100  (L0)
008B3 0022CC  5312001C  01010011 00010010 00000000 00011100  (L0)
008B4 0022D0  52F20020  01010010 11110010 00000000 00100000  (L0)
008B5 0022D4  53120020  01010011 00010010 00000000 00100000  (L0)
008B6 0022D8  52F20024  01010010 11110010 00000000 00100100  (L0)
008B7 0022DC  53120024  01010011 00010010 00000000 00100100  (L0)
008B8 0022E0  52F20028  01010010 11110010 00000000 00101000  (L0)
008B9 0022E4  53120028  01010011 00010010 00000000 00101000  (L0)
008BA 0022E8  52F2002C  01010010 11110010 00000000 00101100  (L0)
008BB 0022EC  5312002C  01010011 00010010 00000000 00101100  (L0)
008BC 0022F0  52F20030  01010010 11110010 00000000 00110000  (L0)
008BD 0022F4  53120030  01010011 00010010 00000000 00110000  (L0)
008BE 0022F8  52F20034  01010010 11110010 00000000 00110100  (L0)
008BF 0022FC  53120034  01010011 00010010 00000000 00110100  (L0)
008C0 002300  52F20038  01010010 11110010 00000000 00111000  (L0)
008C1 002304  53120038  01010011 00010010 00000000 00111000  (L0)
008C2 002308  52F2003C  01010010 11110010 00000000 00111100  (L0)
008C3 00230C  5312003C  01010011 00010010 00000000 00111100  (L0)
008C4 002310  52F20040  01010010 11110010 00000000 01000000  (L0)
008C5 002314  53120040  01010011 00010010 00000000 01000000  (L0)
008C6 002318  52F20044  01010010 11110010 00000000 01000100  (L0)
008C7 00231C  53120044  01010011 00010010 00000000 01000100  (L0)
008C8 002320  52F20048  01010010 11110010 00000000 01001000  (L0)
008C9 002324  53120048  01010011 00010010 00000000 01001000  (L0)
008CA 002328  52F2004C  01010010 11110010 00000000 01001100  (L0)
008CB 00232C  5312004C  01010011 00010010 00000000 01001100  (L0)
008CC 002330  52F20050  01010010 11110010 00000000 01010000  (L0)
008CD 002334  53120050  01010011 00010010 00000000 01010000  (L0)
008CE 002338  52F20054  01010010 11110010 00000000 01010100  (L0)
008CF 00233C  53120054  01010011 00010010 00000000 01010100  (L0)
008D0 002340  52F20058  01010010 11110010 00000000 01011000  (L0)
008D1 002344  53120058  01010011 00010010 00000000 01011000  (L0)
008D2 002348  52F2005C  01010010 11110010 00000000 01011100  (L0)
008D3 00234C  5312005C  01010011 00010010 00000000 01011100  (L0)
008D4 002350  52F20060  01010010 11110010 00000000 01100000  (L0)
008D5 002354  53120060  01010011 00010010 00000000 01100000  (L0)
008D6 002358  52F20064  01010010 11110010 00000000 01100100  (L0)
008D7 00235C  53120064  01010011 00010010 00000000 01100100  (L0)
008D8 002360  52F20068  01010010 11110010 00000000 01101000  (L0)
008D9 002364  53120068  01010011 00010010 00000000 01101000  (L0)
008DA 002368  52F2006C  01010010 11110010 00000000 01101100  (L0)
008DB 00236C  5312006C  01010011 00010010 00000000 01101100  (L0)
008DC 002370  52F20070  01010010 11110010 00000000 01110000  (L0)
008DD 002374  53120070  01010011 00010010 00000000 01110000  (L0)
008DE 002378  52F20074  01010010 11110010 00000000 01110100  (L0)
008DF 00237C  53120074  01010011 00010010 00000000 01110100  (L0)
008E0 002380  52F20078  01010010 11110010 00000000 01111000  (L0)
008E1 002384  53120078  01010011 00010010 00000000 01111000  (L0)
008E2 002388  52F2007C  01010010 11110010 00000000 01111100  (L0)
008E3 00238C  5312007C  01010011 00010010 00000000 01111100  (L0)
008E4 002390  52F20080  01010010 11110010 00000000 10000000  (L0)
008E5 002394  53120080  01010011 00010010 00000000 10000000  (L0)
008E6 002398  52F20084  01010010 11110010 00000000 10000100  (L0)
008E7 00239C  53120084  01010011 00010010 00000000 10000100  (L0)
008E8 0023A0  52F20088  01010010 11110010 00000000 10001000  (L0)
008E9 0023A4  53120088  01010011 00010010 00000000 10001000  (L0)
008EA 0023A8  52F2008C  01010010 11110010 00000000 10001100  (L0)
008EB 0023AC  5312008C  01010011 00010010 00000000 10001100  (L0)
008EC 0023B0  52F20090  01010010 11110010 00000000 10010000  (L0)
008ED 0023B4  53120090  01010011 00010010 00000000 10010000  (L0)
008EE 0023B8  52F20094  01010010 11110010 00000000 10010100  (L0)
008EF 0023BC  53120094  01010011 00010010 00000000 10010100  (L0)
008F0 0023C0  52F20098  01010010 11110010 00000000 10011000  (L0)
008F1 0023C4  53120098  01010011 00010010 00000000 10011000  (L0)
008F2 0023C8  52F2009C  01010010 11110010 00000000 10011100  (L0)
008F3 0023CC  5312009C  01010011 00010010 00000000 10011100  (L0)
008F4 0023D0  52F200A0  01010010 11110010 00000000 10100000  (L0)
008F5 0023D4  531200A0  01010011 00010010 00000000 10100000  (L0)
008F6 0023D8  52F200A4  01010010 11110010 00000000 10100100  (L0)
008F7 0023DC  531200A4  01010011 00010010 00000000 10100100  (L0)
008F8 0023E0  52F200A8  01010010 11110010 00000000 10101000  (L0)
008F9 0023E4  531200A8  01010011 00010010 00000000 10101000  (L0)
008FA 0023E8  52F200AC  01010010 11110010 00000000 10101100  (L0)
008FB 0023EC  531200AC  01010011 00010010 00000000 10101100  (L0)
008FC 0023F0  52F200B0  01010010 11110010 00000000 10110000  (L0)
008FD 0023F4  531200B0  01010011 00010010 00000000 10110000  (L0)
008FE 0023F8  52F200B4  01010010 11110010 00000000 10110100  (L0)
008FF 0023FC  531200B4  01010011 00010010 00000000 10110100  (L0)
00900 002400  52F200B8  01010010 11110010 00000000 10111000  (L0)
00901 002404  531200B8  01010011 00010010 00000000 10111000  (L0)
00902 002408  52F200BC  01010010 11110010 00000000 10111100  (L0)
00903 00240C  531200BC  01010011 00010010 00000000 10111100  (L0)
00904 002410  52F200C0  01010010 11110010 00000000 11000000  (L0)
00905 002414  531200C0  01010011 00010010 00000000 11000000  (L0)
00906 002418  52F200C4  01010010 11110010 00000000 11000100  (L0)
00907 00241C  531200C4  01010011 00010010 00000000 11000100  (L0)
00908 002420  52F200C8  01010010 11110010 00000000 11001000  (L0)
00909 002424  531200C8  01010011 00010010 00000000 11001000  (L0)
0090A 002428  52F200CC  01010010 11110010 00000000 11001100  (L0)
0090B 00242C  531200CC  01010011 00010010 00000000 11001100  (L0)
0090C 002430  52F200D0  01010010 11110010 00000000 11010000  (L0)
0090D 002434  531200D0  01010011 00010010 00000000 11010000  (L0)
0090E 002438  52F200D4  01010010 11110010 00000000 11010100  (L0)
0090F 00243C  531200D4  01010011 00010010 00000000 11010100  (L0)
00910 002440  52F200D8  01010010 11110010 00000000 11011000  (L0)
00911 002444  531200D8  01010011 00010010 00000000 11011000  (L0)
00912 002448  52F200DC  01010010 11110010 00000000 11011100  (L0)
00913 00244C  531200DC  01010011 00010010 00000000 11011100  (L0)
00914 002450  52F200E0  01010010 11110010 00000000 11100000  (L0)
00915 002454  531200E0  01010011 00010010 00000000 11100000  (L0)
00916 002458  52F200E4  01010010 11110010 00000000 11100100  (L0)
00917 00245C  531200E4  01010011 00010010 00000000 11100100  (L0)
00918 002460  52F200E8  01010010 11110010 00000000 11101000  (L0)
00919 002464  531200E8  01010011 00010010 00000000 11101000  (L0)
0091A 002468  52F200EC  01010010 11110010 00000000 11101100  (L0)
0091B 00246C  531200EC  01010011 00010010 00000000 11101100  (L0)
0091C 002470  52F200F0  01010010 11110010 00000000 11110000  (L0)
0091D 002474  531200F0  01010011 00010010 00000000 11110000  (L0)
0091E 002478  52F200F4  01010010 11110010 00000000 11110100  (L0)
0091F 00247C  531200F4  01010011 00010010 00000000 11110100  (L0)
00920 002480  52F200F8  01010010 11110010 00000000 11111000  (L0)
00921 002484  531200F8  01010011 00010010 00000000 11111000  (L0)
00922 002488  52F200FC  01010010 11110010 00000000 11111100  (L0)
00923 00248C  531200FC  01010011 00010010 00000000 11111100  (L0)
00924 002490  52F20100  01010010 11110010 00000001 00000000  (L0)
00925 002494  53120100  01010011 00010010 00000001 00000000  (L0)
00926 002498  52F20104  01010010 11110010 00000001 00000100  (L0)
00927 00249C  53120104  01010011 00010010 00000001 00000100  (L0)
00928 0024A0  52F20108  01010010 11110010 00000001 00001000  (L0)
00929 0024A4  53120108  01010011 00010010 00000001 00001000  (L0)
0092A 0024A8  52F2010C  01010010 11110010 00000001 00001100  (L0)
0092B 0024AC  5312010C  01010011 00010010 00000001 00001100  (L0)
0092C 0024B0  52F20110  01010010 11110010 00000001 00010000  (L0)
0092D 0024B4  53120110  01010011 00010010 00000001 00010000  (L0)
0092E 0024B8  52F20114  01010010 11110010 00000001 00010100  (L0)
0092F 0024BC  53120114  01010011 00010010 00000001 00010100  (L0)
00930 0024C0  52F20118  01010010 11110010 00000001 00011000  (L0)
00931 0024C4  53120118  01010011 00010010 00000001 00011000  (L0)
00932 0024C8  52F2011C  01010010 11110010 00000001 00011100  (L0)
00933 0024CC  5312011C  01010011 00010010 00000001 00011100  (L0)
00934 0024D0  52F20120  01010010 11110010 00000001 00100000  (L0)
00935 0024D4  53120120  01010011 00010010 00000001 00100000  (L0)
00936 0024D8  52F20124  01010010 11110010 00000001 00100100  (L0)
00937 0024DC  53120124  01010011 00010010 00000001 00100100  (L0)
00938 0024E0  52F20128  01010010 11110010 00000001 00101000  (L0)
00939 0024E4  53120128  01010011 00010010 00000001 00101000  (L0)
0093A 0024E8  52F2012C  01010010 11110010 00000001 00101100  (L0)
0093B 0024EC  5312012C  01010011 00010010 00000001 00101100  (L0)
0093C 0024F0  52F20130  01010010 11110010 00000001 00110000  (L0)
0093D 0024F4  53120130  01010011 00010010 00000001 00110000  (L0)
0093E 0024F8  52F20134  01010010 11110010 00000001 00110100  (L0)
0093F 0024FC  53120134  01010011 00010010 00000001 00110100  (L0)
00940 002500  52F20138  01010010 11110010 00000001 00111000  (L0)
00941 002504  53120138  01010011 00010010 00000001 00111000  (L0)
00942 002508  52F2013C  01010010 11110010 00000001 00111100  (L0)
00943 00250C  5312013C  01010011 00010010 00000001 00111100  (L0)
00944 002510  52F20140  01010010 11110010 00000001 01000000  (L0)
00945 002514  53120140  01010011 00010010 00000001 01000000  (L0)
00946 002518  52F20144  01010010 11110010 00000001 01000100  (L0)
00947 00251C  53120144  01010011 00010010 00000001 01000100  (L0)
00948 002520  52F20148  01010010 11110010 00000001 01001000  (L0)
00949 002524  53120148  01010011 00010010 00000001 01001000  (L0)
0094A 002528  52F2014C  01010010 11110010 00000001 01001100  (L0)
0094B 00252C  5312014C  01010011 00010010 00000001 01001100  (L0)
0094C 002530  52F20150  01010010 11110010 00000001 01010000  (L0)
0094D 002534  53120150  01010011 00010010 00000001 01010000  (L0)
0094E 002538  52F20154  01010010 11110010 00000001 01010100  (L0)
0094F 00253C  53120154  01010011 00010010 00000001 01010100  (L0)
00950 002540  52F20158  01010010 11110010 00000001 01011000  (L0)
00951 002544  53120158  01010011 00010010 00000001 01011000  (L0)
00952 002548  52F2015C  01010010 11110010 00000001 01011100  (L0)
00953 00254C  5312015C  01010011 00010010 00000001 01011100  (L0)
00954 002550  52F20160  01010010 11110010 00000001 01100000  (L0)
00955 002554  53120160  01010011 00010010 00000001 01100000  (L0)
00956 002558  52F20164  01010010 11110010 00000001 01100100  (L0)
00957 00255C  53120164  01010011 00010010 00000001 01100100  (L0)
00958 002560  52F20168  01010010 11110010 00000001 01101000  (L0)
00959 002564  53120168  01010011 00010010 00000001 01101000  (L0)
0095A 002568  52F2016C  01010010 11110010 00000001 01101100  (L0)
0095B 00256C  5312016C  01010011 00010010 00000001 01101100  (L0)
0095C 002570  52F20170  01010010 11110010 00000001 01110000  (L0)
0095D 002574  53120170  01010011 00010010 00000001 01110000  (L0)
0095E 002578  52F20174  01010010 11110010 00000001 01110100  (L0)
0095F 00257C  53120174  01010011 00010010 00000001 01110100  (L0)
00960 002580  52F20178  01010010 11110010 00000001 01111000  (L0)
00961 002584  53120178  01010011 00010010 00000001 01111000  (L0)
00962 002588  52F2017C  01010010 11110010 00000001 01111100  (L0)
00963 00258C  5312017C  01010011 00010010 00000001 01111100  (L0)
00964 002590  52F20180  01010010 11110010 00000001 10000000  (L0)
00965 002594  53120180  01010011 00010010 00000001 10000000  (L0)
00966 002598  52F20184  01010010 11110010 00000001 10000100  (L0)
00967 00259C  53120184  01010011 00010010 00000001 10000100  (L0)
00968 0025A0  52F20188  01010010 11110010 00000001 10001000  (L0)
00969 0025A4  53120188  01010011 00010010 00000001 10001000  (L0)
0096A 0025A8  52F2018C  01010010 11110010 00000001 10001100  (L0)
0096B 0025AC  5312018C  01010011 00010010 00000001 10001100  (L0)
0096C 0025B0  52F20190  01010010 11110010 00000001 10010000  (L0)
0096D 0025B4  53120190  01010011 00010010 00000001 10010000  (L0)
0096E 0025B8  52F20194  01010010 11110010 00000001 10010100  (L0)
0096F 0025BC  53120194  01010011 00010010 00000001 10010100  (L0)
00970 0025C0  52F20198  01010010 11110010 00000001 10011000  (L0)
00971 0025C4  53120198  01010011 00010010 00000001 10011000  (L0)
00972 0025C8  52F2019C  01010010 11110010 00000001 10011100  (L0)
00973 0025CC  5312019C  01010011 00010010 00000001 10011100  (L0)
00974 0025D0  52F201A0  01010010 11110010 00000001 10100000  (L0)
00975 0025D4  531201A0  01010011 00010010 00000001 10100000  (L0)
00976 0025D8  52F201A4  01010010 11110010 00000001 10100100  (L0)
00977 0025DC  531201A4  01010011 00010010 00000001 10100100  (L0)
00978 0025E0  52F201A8  01010010 11110010 00000001 10101000  (L0)
00979 0025E4  531201A8  01010011 00010010 00000001 10101000  (L0)
0097A 0025E8  52F201AC  01010010 11110010 00000001 10101100  (L0)
0097B 0025EC  531201AC  01010011 00010010 00000001 10101100  (L0)
0097C 0025F0  52F201B0  01010010 11110010 00000001 10110000  (L0)
0097D 0025F4  531201B0  01010011 00010010 00000001 10110000  (L0)
0097E 0025F8  8C100400  10001100 00010000 00000100 00000000  (L0)
0097F 0025FC  8D1001B4  10001101 00010000 00000001 10110100  (L0)
00980 002600  53100000  01010011 00010000 00000000 00000000  (L0)
00981 002604  53100004  01010011 00010000 00000000 00000100  (L0)
00982 002608  53100008  01010011 00010000 00000000 00001000  (L0)
00983 00260C  5310000C  01010011 00010000 00000000 00001100  (L0)
00984 002610  53100010  01010011 00010000 00000000 00010000  (L0)
00985 002614  53100014  01010011 00010000 00000000 00010100  (L0)
00986 002618  53100018  01010011 00010000 00000000 00011000  (L0)
00987 00261C  5310001C  01010011 00010000 00000000 00011100  (L0)
00988 002620  53100020  01010011 00010000 00000000 00100000  (L0)
00989 002624  53100024  01010011 00010000 00000000 00100100  (L0)
0098A 002628  53100028  01010011 00010000 00000000 00101000  (L0)
0098B 00262C  5310002C  01010011 00010000 00000000 00101100  (L0)
0098C 002630  53100030  01010011 00010000 00000000 00110000  (L0)
0098D 002634  53100034  01010011 00010000 00000000 00110100  (L0)
0098E 002638  53100038  01010011 00010000 00000000 00111000  (L0)
0098F 00263C  5310003C  01010011 00010000 00000000 00111100  (L0)
00990 002640  53100040  01010011 00010000 00000000 01000000  (L0)
00991 002644  53100044  01010011 00010000 00000000 01000100  (L0)
00992 002648  53100048  01010011 00010000 00000000 01001000  (L0)
00993 00264C  5310004C  01010011 00010000 00000000 01001100  (L0)
00994 002650  53100050  01010011 00010000 00000000 01010000  (L0)
00995 002654  53100054  01010011 00010000 00000000 01010100  (L0)
00996 002658  53100058  01010011 00010000 00000000 01011000  (L0)
00997 00265C  5310005C  01010011 00010000 00000000 01011100  (L0)
00998 002660  53100060  01010011 00010000 00000000 01100000  (L0)
00999 002664  53100064  01010011 00010000 00000000 01100100  (L0)
0099A 002668  53100068  01010011 00010000 00000000 01101000  (L0)
0099B 00266C  5310006C  01010011 00010000 00000000 01101100  (L0)
0099C 002670  53100070  01010011 00010000 00000000 01110000  (L0)
0099D 002674  53100074  01010011 00010000 00000000 01110100  (L0)
0099E 002678  53100078  01010011 00010000 00000000 01111000  (L0)
0099F 00267C  5310007C  01010011 00010000 00000000 01111100  (L0)
009A0 002680  53100080  01010011 00010000 00000000 10000000  (L0)
009A1 002684  53100084  01010011 00010000 00000000 10000100  (L0)
009A2 002688  53100088  01010011 00010000 00000000 10001000  (L0)
009A3 00268C  5310008C  01010011 00010000 00000000 10001100  (L0)
009A4 002690  53100090  01010011 00010000 00000000 10010000  (L0)
009A5 002694  53100094  01010011 00010000 00000000 10010100  (L0)
009A6 002698  53100098  01010011 00010000 00000000 10011000  (L0)
009A7 00269C  5310009C  01010011 00010000 00000000 10011100  (L0)
009A8 0026A0  531000A0  01010011 00010000 00000000 10100000  (L0)
009A9 0026A4  531000A4  01010011 00010000 00000000 10100100  (L0)
009AA 0026A8  531000A8  01010011 00010000 00000000 10101000  (L0)
009AB 0026AC  531000AC  01010011 00010000 00000000 10101100  (L0)
009AC 0026B0  531000B0  01010011 00010000 00000000 10110000  (L0)
009AD 0026B4  531000B4  01010011 00010000 00000000 10110100  (L0)
009AE 0026B8  531000B8  01010011 00010000 00000000 10111000  (L0)
009AF 0026BC  531000BC  01010011 00010000 00000000 10111100  (L0)
009B0 0026C0  531000C0  01010011 00010000 00000000 11000000  (L0)
009B1 0026C4  531000C4  01010011 00010000 00000000 11000100  (L0)
009B2 0026C8  531000C8  01010011 00010000 00000000 11001000  (L0)
009B3 0026CC  531000CC  01010011 00010000 00000000 11001100  (L0)
009B4 0026D0  531000D0  01010011 00010000 00000000 11010000  (L0)
009B5 0026D4  531000D4  01010011 00010000 00000000 11010100  (L0)
009B6 0026D8  531000D8  01010011 00010000 00000000 11011000  (L0)
009B7 0026DC  531000DC  01010011 00010000 00000000 11011100  (L0)
009B8 0026E0  531000E0  01010011 00010000 00000000 11100000  (L0)
009B9 0026E4  531000E4  01010011 00010000 00000000 11100100  (L0)
009BA 0026E8  531000E8  01010011 00010000 00000000 11101000  (L0)
009BB 0026EC  531000EC  01010011 00010000 00000000 11101100  (L0)
009BC 0026F0  531000F0  01010011 00010000 00000000 11110000  (L0)
009BD 0026F4  531000F4  01010011 00010000 00000000 11110100  (L0)
009BE 0026F8  531000F8  01010011 00010000 00000000 11111000  (L0)
009BF 0026FC  531000FC  01010011 00010000 00000000 11111100  (L0)
009C0 002700  53100100  01010011 00010000 00000001 00000000  (L0)
009C1 002704  53100104  01010011 00010000 00000001 00000100  (L0)
009C2 002708  53100108  01010011 00010000 00000001 00001000  (L0)
009C3 00270C  5310010C  01010011 00010000 00000001 00001100  (L0)
009C4 002710  53100110  01010011 00010000 00000001 00010000  (L0)
009C5 002714  53100114  01010011 00010000 00000001 00010100  (L0)
009C6 002718  53100118  01010011 00010000 00000001 00011000  (L0)
009C7 00271C  5310011C  01010011 00010000 00000001 00011100  (L0)
009C8 002720  53100120  01010011 00010000 00000001 00100000  (L0)
009C9 002724  53100124  01010011 00010000 00000001 00100100  (L0)
009CA 002728  53100128  01010011 00010000 00000001 00101000  (L0)
009CB 00272C  5310012C  01010011 00010000 00000001 00101100  (L0)
009CC 002730  53100130  01010011 00010000 00000001 00110000  (L0)
009CD 002734  53100134  01010011 00010000 00000001 00110100  (L0)
009CE 002738  53100138  01010011 00010000 00000001 00111000  (L0)
009CF 00273C  5310013C  01010011 00010000 00000001 00111100  (L0)
009D0 002740  53100140  01010011 00010000 00000001 01000000  (L0)
009D1 002744  53100144  01010011 00010000 00000001 01000100  (L0)
009D2 002748  53100148  01010011 00010000 00000001 01001000  (L0)
009D3 00274C  5310014C  01010011 00010000 00000001 01001100  (L0)
009D4 002750  53100150  01010011 00010000 00000001 01010000  (L0)
009D5 002754  53100154  01010011 00010000 00000001 01010100  (L0)
009D6 002758  53100158  01010011 00010000 00000001 01011000  (L0)
009D7 00275C  5310015C  01010011 00010000 00000001 01011100  (L0)
009D8 002760  53100160  01010011 00010000 00000001 01100000  (L0)
009D9 002764  53100164  01010011 00010000 00000001 01100100  (L0)
009DA 002768  53100168  01010011 00010000 00000001 01101000  (L0)
009DB 00276C  5310016C  01010011 00010000 00000001 01101100  (L0)
009DC 002770  53100170  01010011 00010000 00000001 01110000  (L0)
009DD 002774  53100174  01010011 00010000 00000001 01110100  (L0)
009DE 002778  53100178  01010011 00010000 00000001 01111000  (L0)
009DF 00277C  5310017C  01010011 00010000 00000001 01111100  (L0)
009E0 002780  53100180  01010011 00010000 00000001 10000000  (L0)
009E1 002784  53100184  01010011 00010000 00000001 10000100  (L0)
009E2 002788  53100188  01010011 00010000 00000001 10001000  (L0)
009E3 00278C  5310018C  01010011 00010000 00000001 10001100  (L0)
009E4 002790  53100190  01010011 00010000 00000001 10010000  (L0)
009E5 002794  53100194  01010011 00010000 00000001 10010100  (L0)
009E6 002798  53100198  01010011 00010000 00000001 10011000  (L0)
009E7 00279C  5310019C  01010011 00010000 00000001 10011100  (L0)
009E8 0027A0  531001A0  01010011 00010000 00000001 10100000  (L0)
009E9 0027A4  531001A4  01010011 00010000 00000001 10100100  (L0)
009EA 0027A8  531001A8  01010011 00010000 00000001 10101000  (L0)
009EB 0027AC  531001AC  01010011 00010000 00000001 10101100  (L0)
009EC 0027B0  531001B0  01010011 00010000 00000001 10110000  (L0)
009ED 0027B4  531001B4  01010011 00010000 00000001 10110100  (L0)
009EE 0027B8  531001B8  01010011 00010000 00000001 10111000  (L0)
009EF 0027BC  531001BC  01010011 00010000 00000001 10111100  (L0)
009F0 0027C0  531001C0  01010011 00010000 00000001 11000000  (L0)
009F1 0027C4  531001C4  01010011 00010000 00000001 11000100  (L0)
009F2 0027C8  531001C8  01010011 00010000 00000001 11001000  (L0)
009F3 0027CC  531001CC  01010011 00010000 00000001 11001100  (L0)
009F4 0027D0  531001D0  01010011 00010000 00000001 11010000  (L0)
009F5 0027D4  531001D4  01010011 00010000 00000001 11010100  (L0)
009F6 0027D8  531001D8  01010011 00010000 00000001 11011000  (L0)
009F7 0027DC  531001DC  01010011 00010000 00000001 11011100  (L0)
009F8 0027E0  531001E0  01010011 00010000 00000001 11100000  (L0)
009F9 0027E4  531001E4  01010011 00010000 00000001 11100100  (L0)
009FA 0027E8  531001E8  01010011 00010000 00000001 11101000  (L0)
009FB 0027EC  531001EC  01010011 00010000 00000001 11101100  (L0)
009FC 0027F0  531001F0  01010011 00010000 00000001 11110000  (L0)
009FD 0027F4  531001F4  01010011 00010000 00000001 11110100  (L0)
009FE 0027F8  531001F8  01010011 00010000 00000001 11111000  (L0)
009FF 0027FC  531001FC  01010011 00010000 00000001 11111100  (L0)
00A00 002800  53100200  01010011 00010000 00000010 00000000  (L0)
00A01 002804  53100204  01010011 00010000 00000010 00000100  (L0)
00A02 002808  53100208  01010011 00010000 00000010 00001000  (L0)
00A03 00280C  5310020C  01010011 00010000 00000010 00001100  (L0)
00A04 002810  53100210  01010011 00010000 00000010 00010000  (L0)
00A05 002814  53100214  01010011 00010000 00000010 00010100  (L0)
00A06 002818  53100218  01010011 00010000 00000010 00011000  (L0)
00A07 00281C  5310021C  01010011 00010000 00000010 00011100  (L0)
00A08 002820  53100220  01010011 00010000 00000010 00100000  (L0)
00A09 002824  53100224  01010011 00010000 00000010 00100100  (L0)
00A0A 002828  53100228  01010011 00010000 00000010 00101000  (L0)
00A0B 00282C  5310022C  01010011 00010000 00000010 00101100  (L0)
00A0C 002830  53100230  01010011 00010000 00000010 00110000  (L0)
00A0D 002834  53100234  01010011 00010000 00000010 00110100  (L0)
00A0E 002838  53100238  01010011 00010000 00000010 00111000  (L0)
00A0F 00283C  5310023C  01010011 00010000 00000010 00111100  (L0)
00A10 002840  53100240  01010011 00010000 00000010 01000000  (L0)
00A11 002844  53100244  01010011 00010000 00000010 01000100  (L0)
00A12 002848  53100248  01010011 00010000 00000010 01001000  (L0)
00A13 00284C  5310024C  01010011 00010000 00000010 01001100  (L0)
00A14 002850  53100250  01010011 00010000 00000010 01010000  (L0)
00A15 002854  53100254  01010011 00010000 00000010 01010100  (L0)
00A16 002858  53100258  01010011 00010000 00000010 01011000  (L0)
00A17 00285C  5310025C  01010011 00010000 00000010 01011100  (L0)
00A18 002860  53100260  01010011 00010000 00000010 01100000  (L0)
00A19 002864  53100264  01010011 00010000 00000010 01100100  (L0)
00A1A 002868  53100268  01010011 00010000 00000010 01101000  (L0)
00A1B 00286C  5310026C  01010011 00010000 00000010 01101100  (L0)
00A1C 002870  53100270  01010011 00010000 00000010 01110000  (L0)
00A1D 002874  53100274  01010011 00010000 00000010 01110100  (L0)
00A1E 002878  53100278  01010011 00010000 00000010 01111000  (L0)
00A1F 00287C  5310027C  01010011 00010000 00000010 01111100  (L0)
00A20 002880  53100280  01010011 00010000 00000010 10000000  (L0)
00A21 002884  53100284  01010011 00010000 00000010 10000100  (L0)
00A22 002888  53100288  01010011 00010000 00000010 10001000  (L0)
00A23 00288C  5310028C  01010011 00010000 00000010 10001100  (L0)
00A24 002890  53100290  01010011 00010000 00000010 10010000  (L0)
00A25 002894  53100294  01010011 00010000 00000010 10010100  (L0)
00A26 002898  53100298  01010011 00010000 00000010 10011000  (L0)
00A27 00289C  5310029C  01010011 00010000 00000010 10011100  (L0)
00A28 0028A0  531002A0  01010011 00010000 00000010 10100000  (L0)
00A29 0028A4  531002A4  01010011 00010000 00000010 10100100  (L0)
00A2A 0028A8  531002A8  01010011 00010000 00000010 10101000  (L0)
00A2B 0028AC  531002AC  01010011 00010000 00000010 10101100  (L0)
00A2C 0028B0  531002B0  01010011 00010000 00000010 10110000  (L0)
00A2D 0028B4  531002B4  01010011 00010000 00000010 10110100  (L0)
00A2E 0028B8  531002B8  01010011 00010000 00000010 10111000  (L0)
00A2F 0028BC  531002BC  01010011 00010000 00000010 10111100  (L0)
00A30 0028C0  531002C0  01010011 00010000 00000010 11000000  (L0)
00A31 0028C4  531002C4  01010011 00010000 00000010 11000100  (L0)
00A32 0028C8  531002C8  01010011 00010000 00000010 11001000  (L0)
00A33 0028CC  531002CC  01010011 00010000 00000010 11001100  (L0)
00A34 0028D0  531002D0  01010011 00010000 00000010 11010000  (L0)
00A35 0028D4  531002D4  01010011 00010000 00000010 11010100  (L0)
00A36 0028D8  531002D8  01010011 00010000 00000010 11011000  (L0)
00A37 0028DC  531002DC  01010011 00010000 00000010 11011100  (L0)
00A38 0028E0  531002E0  01010011 00010000 00000010 11100000  (L0)
00A39 0028E4  531002E4  01010011 00010000 00000010 11100100  (L0)
00A3A 0028E8  531002E8  01010011 00010000 00000010 11101000  (L0)
00A3B 0028EC  531002EC  01010011 00010000 00000010 11101100  (L0)
00A3C 0028F0  531002F0  01010011 00010000 00000010 11110000  (L0)
00A3D 0028F4  531002F4  01010011 00010000 00000010 11110100  (L0)
00A3E 0028F8  531002F8  01010011 00010000 00000010 11111000  (L0)
00A3F 0028FC  531002FC  01010011 00010000 00000010 11111100  (L0)
00A40 002900  53100300  01010011 00010000 00000011 00000000  (L0)
00A41 002904  53100304  01010011 00010000 00000011 00000100  (L0)
00A42 002908  53100308  01010011 00010000 00000011 00001000  (L0)
00A43 00290C  5310030C  01010011 00010000 00000011 00001100  (L0)
00A44 002910  53100310  01010011 00010000 00000011 00010000  (L0)
00A45 002914  53100314  01010011 00010000 00000011 00010100  (L0)
00A46 002918  53100318  01010011 00010000 00000011 00011000  (L0)
00A47 00291C  5310031C  01010011 00010000 00000011 00011100  (L0)
00A48 002920  53100320  01010011 00010000 00000011 00100000  (L0)
00A49 002924  53100324  01010011 00010000 00000011 00100100  (L0)
00A4A 002928  53100328  01010011 00010000 00000011 00101000  (L0)
00A4B 00292C  5310032C  01010011 00010000 00000011 00101100  (L0)
00A4C 002930  53100330  01010011 00010000 00000011 00110000  (L0)
00A4D 002934  53100334  01010011 00010000 00000011 00110100  (L0)
00A4E 002938  53100338  01010011 00010000 00000011 00111000  (L0)
00A4F 00293C  5310033C  01010011 00010000 00000011 00111100  (L0)
00A50 002940  53100340  01010011 00010000 00000011 01000000  (L0)
00A51 002944  53100344  01010011 00010000 00000011 01000100  (L0)
00A52 002948  53100348  01010011 00010000 00000011 01001000  (L0)
00A53 00294C  5310034C  01010011 00010000 00000011 01001100  (L0)
00A54 002950  53100350  01010011 00010000 00000011 01010000  (L0)
00A55 002954  53100354  01010011 00010000 00000011 01010100  (L0)
00A56 002958  53100358  01010011 00010000 00000011 01011000  (L0)
00A57 00295C  5310035C  01010011 00010000 00000011 01011100  (L0)
00A58 002960  53100360  01010011 00010000 00000011 01100000  (L0)
00A59 002964  53100364  01010011 00010000 00000011 01100100  (L0)
00A5A 002968  53100368  01010011 00010000 00000011 01101000  (L0)
00A5B 00296C  5310036C  01010011 00010000 00000011 01101100  (L0)
00A5C 002970  53100370  01010011 00010000 00000011 01110000  (L0)
00A5D 002974  53100374  01010011 00010000 00000011 01110100  (L0)
00A5E 002978  53100378  01010011 00010000 00000011 01111000  (L0)
00A5F 00297C  5310037C  01010011 00010000 00000011 01111100  (L0)
00A60 002980  53100380  01010011 00010000 00000011 10000000  (L0)
00A61 002984  53100384  01010011 00010000 00000011 10000100  (L0)
00A62 002988  53100388  01010011 00010000 00000011 10001000  (L0)
00A63 00298C  5310038C  01010011 00010000 00000011 10001100  (L0)
00A64 002990  53100390  01010011 00010000 00000011 10010000  (L0)
00A65 002994  53100394  01010011 00010000 00000011 10010100  (L0)
00A66 002998  53100398  01010011 00010000 00000011 10011000  (L0)
00A67 00299C  5310039C  01010011 00010000 00000011 10011100  (L0)
00A68 0029A0  531003A0  01010011 00010000 00000011 10100000  (L0)
00A69 0029A4  531003A4  01010011 00010000 00000011 10100100  (L0)
00A6A 0029A8  531003A8  01010011 00010000 00000011 10101000  (L0)
00A6B 0029AC  531003AC  01010011 00010000 00000011 10101100  (L0)
00A6C 0029B0  531003B0  01010011 00010000 00000011 10110000  (L0)
00A6D 0029B4  531003B4  01010011 00010000 00000011 10110100  (L0)
00A6E 0029B8  531003B8  01010011 00010000 00000011 10111000  (L0)
00A6F 0029BC  531003BC  01010011 00010000 00000011 10111100  (L0)
00A70 0029C0  531003C0  01010011 00010000 00000011 11000000  (L0)
00A71 0029C4  531003C4  01010011 00010000 00000011 11000100  (L0)
00A72 0029C8  531003C8  01010011 00010000 00000011 11001000  (L0)
00A73 0029CC  531003CC  01010011 00010000 00000011 11001100  (L0)
00A74 0029D0  531003D0  01010011 00010000 00000011 11010000  (L0)
00A75 0029D4  531003D4  01010011 00010000 00000011 11010100  (L0)
00A76 0029D8  531003D8  01010011 00010000 00000011 11011000  (L0)
00A77 0029DC  531003DC  01010011 00010000 00000011 11011100  (L0)
00A78 0029E0  531003E0  01010011 00010000 00000011 11100000  (L0)
00A79 0029E4  531003E4  01010011 00010000 00000011 11100100  (L0)
00A7A 0029E8  531003E8  01010011 00010000 00000011 11101000  (L0)
00A7B 0029EC  531003EC  01010011 00010000 00000011 11101100  (L0)
00A7C 0029F0  531003F0  01010011 00010000 00000011 11110000  (L0)
00A7D 0029F4  531003F4  01010011 00010000 00000011 11110100  (L0)
00A7E 0029F8  531003F8  01010011 00010000 00000011 11111000  (L0)
00A7F 0029FC  531003FC  01010011 00010000 00000011 11111100  (L0)
00A80 002A00  53100400  01010011 00010000 00000100 00000000  (L0)
00A81 002A04  53100404  01010011 00010000 00000100 00000100  (L0)
00A82 002A08  53100408  01010011 00010000 00000100 00001000  (L0)
00A83 002A0C  5310040C  01010011 00010000 00000100 00001100  (L0)
00A84 002A10  53100410  01010011 00010000 00000100 00010000  (L0)
00A85 002A14  53100414  01010011 00010000 00000100 00010100  (L0)
00A86 002A18  53100418  01010011 00010000 00000100 00011000  (L0)
00A87 002A1C  5310041C  01010011 00010000 00000100 00011100  (L0)
00A88 002A20  53100420  01010011 00010000 00000100 00100000  (L0)
00A89 002A24  53100424  01010011 00010000 00000100 00100100  (L0)
00A8A 002A28  53100428  01010011 00010000 00000100 00101000  (L0)
00A8B 002A2C  5310042C  01010011 00010000 00000100 00101100  (L0)
00A8C 002A30  53100430  01010011 00010000 00000100 00110000  (L0)
00A8D 002A34  53100434  01010011 00010000 00000100 00110100  (L0)
00A8E 002A38  53100438  01010011 00010000 00000100 00111000  (L0)
00A8F 002A3C  5310043C  01010011 00010000 00000100 00111100  (L0)
00A90 002A40  53100440  01010011 00010000 00000100 01000000  (L0)
00A91 002A44  53100444  01010011 00010000 00000100 01000100  (L0)
00A92 002A48  53100448  01010011 00010000 00000100 01001000  (L0)
00A93 002A4C  5310044C  01010011 00010000 00000100 01001100  (L0)
00A94 002A50  53100450  01010011 00010000 00000100 01010000  (L0)
00A95 002A54  53100454  01010011 00010000 00000100 01010100  (L0)
00A96 002A58  53100458  01010011 00010000 00000100 01011000  (L0)
00A97 002A5C  5310045C  01010011 00010000 00000100 01011100  (L0)
00A98 002A60  53100460  01010011 00010000 00000100 01100000  (L0)
00A99 002A64  53100464  01010011 00010000 00000100 01100100  (L0)
00A9A 002A68  53100468  01010011 00010000 00000100 01101000  (L0)
00A9B 002A6C  5310046C  01010011 00010000 00000100 01101100  (L0)
00A9C 002A70  8CF0FFF0  10001100 11110000 11111111 11110000  (L0)
00A9D 002A74  8DF01F08  10001101 11110000 00011111 00001000  (L0)
00A9E 002A78  0E0F0000  00001110 00001111 00000000 00000000  (L0)
