; =====================================================
;  Listado anotado — Procesador 32 bits
;  Instrucciones: 2179
;
;  WADDR BADDR    HEX       BINARIO (Tipo|Op | Operandos)
; =====================================================
;
; [tty_IRQHandler:]
00000 000000  8DE00004  10001101 11100000 00000000 00000100  (L7)
00001 000004  82201000  10000010 00100000 00010000 00000000  (L8)
00002 000008  0C200000  00001100 00100000 00000000 00000000  (L9)
00003 00000C  8C200400  10001100 00100000 00000100 00000000  (L10)
00004 000010  8D200196  10001101 00100000 00000001 10010110  (L11)
00005 000014  12250000  00010010 00100101 00000000 00000000  (L12)
00006 000018  0C400000  00001100 01000000 00000000 00000000  (L13)
00007 00001C  0C300003  00001100 00110000 00000000 00000011  (L14)
00008 000020  03540000  00000011 01010100 00000000 00000000  (L15)
00009 000024  8CF0FFF0  10001100 11110000 11111111 11110000  (L16)
0000A 000028  8DF00058  10001101 11110000 00000000 01011000  (L17)
0000B 00002C  0F0F0000  00001111 00001111 00000000 00000000  (L18)
0000C 000030  0C500000  00001100 01010000 00000000 00000000  (L20)
0000D 000034  8C500400  10001100 01010000 00000100 00000000  (L21)
0000E 000038  8D500194  10001101 01010000 00000001 10010100  (L22)
0000F 00003C  12560000  00010010 01010110 00000000 00000000  (L23)
00010 000040  0D600001  00001101 01100000 00000000 00000001  (L24)
00011 000044  07636000  00000111 01100011 01100000 00000000  (L25)
00012 000048  13560000  00010011 01010110 00000000 00000000  (L26)
00013 00004C  12250000  00010010 00100101 00000000 00000000  (L27)
00014 000050  0D50FFFF  00001101 01010000 11111111 11111111  (L28)
00015 000054  13250000  00010011 00100101 00000000 00000000  (L29)
;
; [.LBB0_2:]
00016 000058  12220000  00010010 00100010 00000000 00000000  (L31)
00017 00005C  03240000  00000011 00100100 00000000 00000000  (L32)
00018 000060  8CF0FFF0  10001100 11110000 11111111 11110000  (L33)
00019 000064  8DF00120  10001101 11110000 00000001 00100000  (L34)
0001A 000068  0F0F0000  00001111 00001111 00000000 00000000  (L35)
0001B 00006C  0C200000  00001100 00100000 00000000 00000000  (L37)
0001C 000070  8C200400  10001100 00100000 00000100 00000000  (L38)
0001D 000074  8D200194  10001101 00100000 00000001 10010100  (L39)
0001E 000078  12250000  00010010 00100101 00000000 00000000  (L40)
0001F 00007C  0C200000  00001100 00100000 00000000 00000000  (L41)
00020 000080  8C200400  10001100 00100000 00000100 00000000  (L42)
00021 000084  8D20019C  10001101 00100000 00000001 10011100  (L43)
00022 000088  52220000  01010010 00100010 00000000 00000000  (L44)
00023 00008C  5324000C  01010011 00100100 00000000 00001100  (L45)
00024 000090  53240008  01010011 00100100 00000000 00001000  (L46)
00025 000094  53240004  01010011 00100100 00000000 00000100  (L47)
00026 000098  0C40000C  00001100 01000000 00000000 00001100  (L48)
00027 00009C  04545000  00000100 01010100 01010000 00000000  (L49)
00028 0000A0  0C400000  00001100 01000000 00000000 00000000  (L50)
00029 0000A4  8C400400  10001100 01000000 00000100 00000000  (L51)
0002A 0000A8  8D400168  10001101 01000000 00000001 01101000  (L52)
0002B 0000AC  02544000  00000010 01010100 01000000 00000000  (L53)
0002C 0000B0  52440000  01010010 01000100 00000000 00000000  (L54)
0002D 0000B4  82406000  10000010 01000000 01100000 00000000  (L55)
0002E 0000B8  0D60FFFF  00001101 01100000 11111111 11111111  (L56)
0002F 0000BC  03360000  00000011 00110110 00000000 00000000  (L57)
00030 0000C0  8CF0FFF0  10001100 11110000 11111111 11110000  (L58)
00031 0000C4  8DF00174  10001101 11110000 00000001 01110100  (L59)
00032 0000C8  0F4F0000  00001111 01001111 00000000 00000000  (L60)
00033 0000CC  0C300000  00001100 00110000 00000000 00000000  (L62)
00034 0000D0  8C300400  10001100 00110000 00000100 00000000  (L63)
00035 0000D4  8D300164  10001101 00110000 00000001 01100100  (L64)
00036 0000D8  02533000  00000010 01010011 00110000 00000000  (L65)
00037 0000DC  0C500002  00001100 01010000 00000000 00000010  (L66)
00038 0000E0  0A655000  00001010 01100101 01010000 00000000  (L67)
00039 0000E4  0C600000  00001100 01100000 00000000 00000000  (L68)
0003A 0000E8  8C600400  10001100 01100000 00000100 00000000  (L69)
0003B 0000EC  8D600000  10001101 01100000 00000000 00000000  (L70)
0003C 0000F0  02655000  00000010 01100101 01010000 00000000  (L71)
0003D 0000F4  52550000  01010010 01010101 00000000 00000000  (L72)
0003E 0000F8  0E050000  00001110 00000101 00000000 00000000  (L73)
;
; [.LBB0_5:]
0003F 0000FC  52340008  01010010 00110100 00000000 00001000  (L75)
00040 000100  5324000C  01010011 00100100 00000000 00001100  (L76)
00041 000104  52330000  01010010 00110011 00000000 00000000  (L77)
00042 000108  12330000  00010010 00110011 00000000 00000000  (L78)
00043 00010C  53230004  01010011 00100011 00000000 00000100  (L79)
00044 000110  0C400001  00001100 01000000 00000000 00000001  (L80)
00045 000114  8CF0FFF0  10001100 11110000 11111111 11110000  (L81)
00046 000118  8DF00178  10001101 11110000 00000001 01111000  (L82)
00047 00011C  0E0F0000  00001110 00001111 00000000 00000000  (L83)
;
; [.LBB0_6:]
00048 000120  0C200000  00001100 00100000 00000000 00000000  (L85)
00049 000124  8C200400  10001100 00100000 00000100 00000000  (L86)
0004A 000128  8D200160  10001101 00100000 00000001 01100000  (L87)
0004B 00012C  13240000  00010011 00100100 00000000 00000000  (L88)
0004C 000130  8CF0FFF0  10001100 11110000 11111111 11110000  (L89)
0004D 000134  8DF0017C  10001101 11110000 00000001 01111100  (L90)
0004E 000138  0E0F0000  00001110 00001111 00000000 00000000  (L91)
;
; [.LBB0_7:]
0004F 00013C  52330008  01010010 00110011 00000000 00001000  (L93)
00050 000140  5323000C  01010011 00100011 00000000 00001100  (L94)
00051 000144  0C400002  00001100 01000000 00000000 00000010  (L95)
00052 000148  8CF0FFF0  10001100 11110000 11111111 11110000  (L96)
00053 00014C  8DF00178  10001101 11110000 00000001 01111000  (L97)
00054 000150  0E0F0000  00001110 00001111 00000000 00000000  (L98)
;
; [.LBB0_8:]
00055 000154  52340008  01010010 00110100 00000000 00001000  (L100)
00056 000158  53240008  01010011 00100100 00000000 00001000  (L101)
00057 00015C  52330000  01010010 00110011 00000000 00000000  (L102)
00058 000160  53230004  01010011 00100011 00000000 00000100  (L103)
00059 000164  0C400004  00001100 01000000 00000000 00000100  (L104)
0005A 000168  8CF0FFF0  10001100 11110000 11111111 11110000  (L105)
0005B 00016C  8DF00178  10001101 11110000 00000001 01111000  (L106)
0005C 000170  0E0F0000  00001110 00001111 00000000 00000000  (L107)
;
; [.LBB0_9:]
0005D 000174  0C400000  00001100 01000000 00000000 00000000  (L109)
;
; [.LBB0_10:]
0005E 000178  53240000  01010011 00100100 00000000 00000000  (L111)
;
; [.LBB0_11:]
0005F 00017C  8DE0FFFC  10001101 11100000 11111111 11111100  (L113)
00060 000180  11000000  00010001 00000000 00000000 00000000  (L114)
;
; [ttyWrite:]
00061 000184  8DE0001C  10001101 11100000 00000000 00011100  (L132)
00062 000188  53E8FFFC  01010011 11101000 11111111 11111100  (L133)
00063 00018C  53E9FFF8  01010011 11101001 11111111 11111000  (L134)
00064 000190  53EAFFF4  01010011 11101010 11111111 11110100  (L135)
00065 000194  53EBFFF0  01010011 11101011 11111111 11110000  (L136)
00066 000198  53ECFFEC  01010011 11101100 11111111 11101100  (L137)
00067 00019C  53EDFFE8  01010011 11101101 11111111 11101000  (L138)
00068 0001A0  82309000  10000010 00110000 10010000 00000000  (L139)
00069 0001A4  82208000  10000010 00100000 10000000 00000000  (L140)
0006A 0001A8  8210A000  10000010 00010000 10100000 00000000  (L141)
0006B 0001AC  0C100000  00001100 00010000 00000000 00000000  (L142)
0006C 0001B0  8C100400  10001100 00010000 00000100 00000000  (L143)
0006D 0001B4  8D1004A8  10001101 00010000 00000100 10101000  (L144)
0006E 0001B8  12110000  00010010 00010001 00000000 00000000  (L145)
0006F 0001BC  0CC00000  00001100 11000000 00000000 00000000  (L146)
00070 0001C0  031C0000  00000011 00011100 00000000 00000000  (L147)
00071 0001C4  8CF0FFF0  10001100 11110000 11111111 11110000  (L148)
00072 0001C8  8DF00248  10001101 11110000 00000010 01001000  (L149)
00073 0001CC  0F0F0000  00001111 00001111 00000000 00000000  (L150)
00074 0001D0  0C100000  00001100 00010000 00000000 00000000  (L152)
00075 0001D4  8C100400  10001100 00010000 00000100 00000000  (L153)
00076 0001D8  8D10019C  10001101 00010000 00000001 10011100  (L154)
00077 0001DC  52110000  01010010 00010001 00000000 00000000  (L155)
00078 0001E0  531C000C  01010011 00011100 00000000 00001100  (L156)
00079 0001E4  531C0008  01010011 00011100 00000000 00001000  (L157)
0007A 0001E8  531C0004  01010011 00011100 00000000 00000100  (L158)
0007B 0001EC  82802000  10000010 10000000 00100000 00000000  (L159)
0007C 0001F0  0D20FFFF  00001101 00100000 11111111 11111111  (L160)
0007D 0001F4  0C300003  00001100 00110000 00000000 00000011  (L161)
0007E 0001F8  03320000  00000011 00110010 00000000 00000000  (L162)
0007F 0001FC  8CF0FFF0  10001100 11110000 11111111 11110000  (L163)
00080 000200  8DF00410  10001101 11110000 00000100 00010000  (L164)
00081 000204  0F4F0000  00001111 01001111 00000000 00000000  (L165)
00082 000208  0C300002  00001100 00110000 00000000 00000010  (L167)
00083 00020C  0A232000  00001010 00100011 00100000 00000000  (L168)
00084 000210  0C300000  00001100 00110000 00000000 00000000  (L169)
00085 000214  8C300400  10001100 00110000 00000100 00000000  (L170)
00086 000218  8D300020  10001101 00110000 00000000 00100000  (L171)
00087 00021C  02322000  00000010 00110010 00100000 00000000  (L172)
00088 000220  52220000  01010010 00100010 00000000 00000000  (L173)
00089 000224  0E020000  00001110 00000010 00000000 00000000  (L174)
;
; [.LBB1_9:]
0008A 000228  5319000C  01010011 00011001 00000000 00001100  (L176)
0008B 00022C  12A20000  00010010 10100010 00000000 00000000  (L177)
0008C 000230  53120004  01010011 00010010 00000000 00000100  (L178)
0008D 000234  0C800001  00001100 10000000 00000000 00000001  (L179)
0008E 000238  53180000  01010011 00011000 00000000 00000000  (L180)
0008F 00023C  8CF0FFF0  10001100 11110000 11111111 11110000  (L181)
00090 000240  8DF00468  10001101 11110000 00000100 01101000  (L182)
00091 000244  0E0F0000  00001110 00001111 00000000 00000000  (L183)
;
; [.LBB1_1:]
00092 000248  0CD00000  00001100 11010000 00000000 00000000  (L185)
00093 00024C  8CD00400  10001100 11010000 00000100 00000000  (L186)
00094 000250  8DD00196  10001101 11010000 00000001 10010110  (L187)
00095 000254  12D10000  00010010 11010001 00000000 00000000  (L188)
00096 000258  0C200004  00001100 00100000 00000000 00000100  (L189)
00097 00025C  03120000  00000011 00010010 00000000 00000000  (L190)
00098 000260  8CF0FFF0  10001100 11110000 11111111 11110000  (L191)
00099 000264  8DF00288  10001101 11110000 00000010 10001000  (L192)
0009A 000268  0F4F0000  00001111 01001111 00000000 00000000  (L193)
0009B 00026C  0C100003  00001100 00010000 00000000 00000011  (L195)
;
; [.LBB1_3:]
0009C 000270  01000000  00000001 00000000 00000000 00000000  (L199)
0009D 000274  12D20000  00010010 11010010 00000000 00000000  (L201)
0009E 000278  03120000  00000011 00010010 00000000 00000000  (L202)
0009F 00027C  8CF0FFF0  10001100 11110000 11111111 11110000  (L203)
000A0 000280  8DF00270  10001101 11110000 00000010 01110000  (L204)
000A1 000284  0F4F0000  00001111 01001111 00000000 00000000  (L205)
;
; [.LBB1_4:]
000A2 000288  148B0000  00010100 10001011 00000000 00000000  (L208)
000A3 00028C  8CF0FFF0  10001100 11110000 11111111 11110000  (L210)
000A4 000290  8DF01640  10001101 11110000 00010110 01000000  (L211)
000A5 000294  100F0000  00010000 00001111 00000000 00000000  (L212)
000A6 000298  0C100000  00001100 00010000 00000000 00000000  (L213)
000A7 00029C  8C100400  10001100 00010000 00000100 00000000  (L214)
000A8 0002A0  8D100195  10001101 00010000 00000001 10010101  (L215)
000A9 0002A4  12120000  00010010 00010010 00000000 00000000  (L216)
000AA 0002A8  0C30000C  00001100 00110000 00000000 00001100  (L217)
000AB 0002AC  04234000  00000100 00100011 01000000 00000000  (L218)
000AC 0002B0  0C200000  00001100 00100000 00000000 00000000  (L219)
000AD 0002B4  8C200400  10001100 00100000 00000100 00000000  (L220)
000AE 0002B8  8D200164  10001101 00100000 00000001 01100100  (L221)
000AF 0002BC  02424000  00000010 01000010 01000000 00000000  (L222)
000B0 0002C0  534A0000  01010011 01001010 00000000 00000000  (L223)
000B1 0002C4  12140000  00010010 00010100 00000000 00000000  (L224)
000B2 0002C8  04435000  00000100 01000011 01010000 00000000  (L225)
000B3 0002CC  0C400000  00001100 01000000 00000000 00000000  (L226)
000B4 0002D0  8C400400  10001100 01000000 00000100 00000000  (L227)
000B5 0002D4  8D400168  10001101 01000000 00000001 01101000  (L228)
000B6 0002D8  02545000  00000010 01010100 01010000 00000000  (L229)
000B7 0002DC  53580000  01010011 01011000 00000000 00000000  (L230)
000B8 0002E0  12150000  00010010 00010101 00000000 00000000  (L231)
000B9 0002E4  04535000  00000100 01010011 01010000 00000000  (L232)
000BA 0002E8  0C600000  00001100 01100000 00000000 00000000  (L233)
000BB 0002EC  8C600400  10001100 01100000 00000100 00000000  (L234)
000BC 0002F0  8D60016C  10001101 01100000 00000001 01101100  (L235)
000BD 0002F4  02565000  00000010 01010110 01010000 00000000  (L236)
000BE 0002F8  53590000  01010011 01011001 00000000 00000000  (L237)
000BF 0002FC  12160000  00010010 00010110 00000000 00000000  (L238)
000C0 000300  0D600001  00001101 01100000 00000000 00000001  (L239)
000C1 000304  0C500003  00001100 01010000 00000000 00000011  (L240)
000C2 000308  07656000  00000111 01100101 01100000 00000000  (L241)
000C3 00030C  13160000  00010011 00010110 00000000 00000000  (L242)
000C4 000310  12D10000  00010010 11010001 00000000 00000000  (L243)
000C5 000314  0D100001  00001101 00010000 00000000 00000001  (L244)
000C6 000318  13D10000  00010011 11010001 00000000 00000000  (L245)
000C7 00031C  0C100000  00001100 00010000 00000000 00000000  (L246)
000C8 000320  8C100400  10001100 00010000 00000100 00000000  (L247)
000C9 000324  8D100160  10001101 00010000 00000001 01100000  (L248)
000CA 000328  12160000  00010010 00010110 00000000 00000000  (L249)
000CB 00032C  036C0000  00000011 01101100 00000000 00000000  (L250)
000CC 000330  8CF0FFF0  10001100 11110000 11111111 11110000  (L251)
000CD 000334  8DF00464  10001101 11110000 00000100 01100100  (L252)
000CE 000338  0F1F0000  00001111 00011111 00000000 00000000  (L253)
000CF 00033C  0C600001  00001100 01100000 00000000 00000001  (L255)
000D0 000340  13160000  00010011 00010110 00000000 00000000  (L256)
000D1 000344  0C100000  00001100 00010000 00000000 00000000  (L257)
000D2 000348  8C100400  10001100 00010000 00000100 00000000  (L258)
000D3 00034C  8D100194  10001101 00010000 00000001 10010100  (L259)
000D4 000350  12160000  00010010 00010110 00000000 00000000  (L260)
000D5 000354  0C100000  00001100 00010000 00000000 00000000  (L261)
000D6 000358  8C100400  10001100 00010000 00000100 00000000  (L262)
000D7 00035C  8D10019C  10001101 00010000 00000001 10011100  (L263)
000D8 000360  52110000  01010010 00010001 00000000 00000000  (L264)
000D9 000364  531C000C  01010011 00011100 00000000 00001100  (L265)
000DA 000368  531C0008  01010011 00011100 00000000 00001000  (L266)
000DB 00036C  531C0004  01010011 00011100 00000000 00000100  (L267)
000DC 000370  04636000  00000100 01100011 01100000 00000000  (L268)
000DD 000374  02643000  00000010 01100100 00110000 00000000  (L269)
000DE 000378  52330000  01010010 00110011 00000000 00000000  (L270)
000DF 00037C  82304000  10000010 00110000 01000000 00000000  (L271)
000E0 000380  0D40FFFF  00001101 01000000 11111111 11111111  (L272)
000E1 000384  03540000  00000011 01010100 00000000 00000000  (L273)
000E2 000388  8CF0FFF0  10001100 11110000 11111111 11110000  (L274)
000E3 00038C  8DF0045C  10001101 11110000 00000100 01011100  (L275)
000E4 000390  0F4F0000  00001111 01001111 00000000 00000000  (L276)
000E5 000394  02622000  00000010 01100010 00100000 00000000  (L278)
000E6 000398  0C500002  00001100 01010000 00000000 00000010  (L279)
000E7 00039C  0A454000  00001010 01000101 01000000 00000000  (L280)
000E8 0003A0  0C500000  00001100 01010000 00000000 00000000  (L281)
000E9 0003A4  8C500400  10001100 01010000 00000100 00000000  (L282)
000EA 0003A8  8D500010  10001101 01010000 00000000 00010000  (L283)
000EB 0003AC  02544000  00000010 01010100 01000000 00000000  (L284)
000EC 0003B0  52440000  01010010 01000100 00000000 00000000  (L285)
000ED 0003B4  0E040000  00001110 00000100 00000000 00000000  (L286)
;
; [.LBB1_14:]
000EE 0003B8  52230008  01010010 00100011 00000000 00001000  (L288)
000EF 0003BC  5313000C  01010011 00010011 00000000 00001100  (L289)
000F0 0003C0  52220000  01010010 00100010 00000000 00000000  (L290)
000F1 0003C4  12220000  00010010 00100010 00000000 00000000  (L291)
000F2 0003C8  53120004  01010011 00010010 00000000 00000100  (L292)
000F3 0003CC  0C300001  00001100 00110000 00000000 00000001  (L293)
000F4 0003D0  8CF0FFF0  10001100 11110000 11111111 11110000  (L294)
000F5 0003D4  8DF00460  10001101 11110000 00000100 01100000  (L295)
000F6 0003D8  0E0F0000  00001110 00001111 00000000 00000000  (L296)
;
; [.LBB1_10:]
000F7 0003DC  5319000C  01010011 00011001 00000000 00001100  (L298)
000F8 0003E0  0C800002  00001100 10000000 00000000 00000010  (L299)
000F9 0003E4  53180000  01010011 00011000 00000000 00000000  (L300)
000FA 0003E8  8CF0FFF0  10001100 11110000 11111111 11110000  (L301)
000FB 0003EC  8DF00468  10001101 11110000 00000100 01101000  (L302)
000FC 0003F0  0E0F0000  00001110 00001111 00000000 00000000  (L303)
;
; [.LBB1_11:]
000FD 0003F4  53190008  01010011 00011001 00000000 00001000  (L305)
000FE 0003F8  531A0004  01010011 00011010 00000000 00000100  (L306)
000FF 0003FC  0C800004  00001100 10000000 00000000 00000100  (L307)
00100 000400  53180000  01010011 00011000 00000000 00000000  (L308)
00101 000404  8CF0FFF0  10001100 11110000 11111111 11110000  (L309)
00102 000408  8DF00468  10001101 11110000 00000100 01101000  (L310)
00103 00040C  0E0F0000  00001110 00001111 00000000 00000000  (L311)
;
; [.LBB1_12:]
00104 000410  0C800000  00001100 10000000 00000000 00000000  (L313)
;
; [.LBB1_13:]
00105 000414  53180000  01010011 00011000 00000000 00000000  (L315)
00106 000418  8CF0FFF0  10001100 11110000 11111111 11110000  (L316)
00107 00041C  8DF00468  10001101 11110000 00000100 01101000  (L317)
00108 000420  0E0F0000  00001110 00001111 00000000 00000000  (L318)
;
; [.LBB1_15:]
00109 000424  52220008  01010010 00100010 00000000 00001000  (L320)
0010A 000428  5312000C  01010011 00010010 00000000 00001100  (L321)
0010B 00042C  0C300002  00001100 00110000 00000000 00000010  (L322)
0010C 000430  8CF0FFF0  10001100 11110000 11111111 11110000  (L323)
0010D 000434  8DF00460  10001101 11110000 00000100 01100000  (L324)
0010E 000438  0E0F0000  00001110 00001111 00000000 00000000  (L325)
;
; [.LBB1_16:]
0010F 00043C  52230008  01010010 00100011 00000000 00001000  (L327)
00110 000440  53130008  01010011 00010011 00000000 00001000  (L328)
00111 000444  52220000  01010010 00100010 00000000 00000000  (L329)
00112 000448  53120004  01010011 00010010 00000000 00000100  (L330)
00113 00044C  0C300004  00001100 00110000 00000000 00000100  (L331)
00114 000450  8CF0FFF0  10001100 11110000 11111111 11110000  (L332)
00115 000454  8DF00460  10001101 11110000 00000100 01100000  (L333)
00116 000458  0E0F0000  00001110 00001111 00000000 00000000  (L334)
;
; [.LBB1_17:]
00117 00045C  0C300000  00001100 00110000 00000000 00000000  (L336)
;
; [.LBB1_18:]
00118 000460  53130000  01010011 00010011 00000000 00000000  (L338)
;
; [.LBB1_19:]
00119 000464  15B80000  00010101 10111000 00000000 00000000  (L341)
;
; [.LBB1_20:]
0011A 000468  52EDFFE8  01010010 11101101 11111111 11101000  (L344)
0011B 00046C  52ECFFEC  01010010 11101100 11111111 11101100  (L345)
0011C 000470  52EBFFF0  01010010 11101011 11111111 11110000  (L346)
0011D 000474  52EAFFF4  01010010 11101010 11111111 11110100  (L347)
0011E 000478  52E9FFF8  01010010 11101001 11111111 11111000  (L348)
0011F 00047C  52E8FFFC  01010010 11101000 11111111 11111100  (L349)
00120 000480  8DE0FFE4  10001101 11100000 11111111 11100100  (L350)
00121 000484  11000000  00010001 00000000 00000000 00000000  (L351)
;
; [initTty:]
00122 000488  8DE00004  10001101 11100000 00000000 00000100  (L376)
00123 00048C  0C200000  00001100 00100000 00000000 00000000  (L377)
00124 000490  0C300000  00001100 00110000 00000000 00000000  (L378)
00125 000494  8C300400  10001100 00110000 00000100 00000000  (L379)
00126 000498  8D300194  10001101 00110000 00000001 10010100  (L380)
00127 00049C  13320000  00010011 00110010 00000000 00000000  (L381)
00128 0004A0  0C300000  00001100 00110000 00000000 00000000  (L382)
00129 0004A4  8C300400  10001100 00110000 00000100 00000000  (L383)
0012A 0004A8  8D300195  10001101 00110000 00000001 10010101  (L384)
0012B 0004AC  13320000  00010011 00110010 00000000 00000000  (L385)
0012C 0004B0  0C300000  00001100 00110000 00000000 00000000  (L386)
0012D 0004B4  8C300400  10001100 00110000 00000100 00000000  (L387)
0012E 0004B8  8D300196  10001101 00110000 00000001 10010110  (L388)
0012F 0004BC  13320000  00010011 00110010 00000000 00000000  (L389)
00130 0004C0  0C300000  00001100 00110000 00000000 00000000  (L390)
00131 0004C4  8C300400  10001100 00110000 00000100 00000000  (L391)
00132 0004C8  8D300160  10001101 00110000 00000001 01100000  (L392)
00133 0004CC  13320000  00010011 00110010 00000000 00000000  (L393)
00134 0004D0  0C200003  00001100 00100000 00000000 00000011  (L394)
00135 0004D4  53120004  01010011 00010010 00000000 00000100  (L395)
00136 0004D8  52120010  01010010 00010010 00000000 00010000  (L396)
00137 0004DC  0C300000  00001100 00110000 00000000 00000000  (L397)
00138 0004E0  8C300400  10001100 00110000 00000100 00000000  (L398)
00139 0004E4  8D30019C  10001101 00110000 00000001 10011100  (L399)
0013A 0004E8  53320000  01010011 00110010 00000000 00000000  (L400)
0013B 0004EC  52120024  01010010 00010010 00000000 00100100  (L401)
0013C 0004F0  02212000  00000010 00100001 00100000 00000000  (L402)
0013D 0004F4  0C1000FF  00001100 00010000 00000000 11111111  (L403)
0013E 0004F8  52230000  01010010 00100011 00000000 00000000  (L404)
0013F 0004FC  07311000  00000111 00110001 00010000 00000000  (L405)
00140 000500  0C300005  00001100 00110000 00000000 00000101  (L406)
00141 000504  03130000  00000011 00010011 00000000 00000000  (L407)
00142 000508  8CF0FFF0  10001100 11110000 11111111 11110000  (L408)
00143 00050C  8DF00568  10001101 11110000 00000101 01101000  (L409)
00144 000510  0F1F0000  00001111 00011111 00000000 00000000  (L410)
00145 000514  52210000  01010010 00100001 00000000 00000000  (L412)
00146 000518  0C30000D  00001100 00110000 00000000 00001101  (L413)
00147 00051C  09131000  00001001 00010011 00010000 00000000  (L414)
00148 000520  0C300070  00001100 00110000 00000000 01110000  (L415)
00149 000524  07131000  00000111 00010011 00010000 00000000  (L416)
0014A 000528  0C300001  00001100 00110000 00000000 00000001  (L417)
0014B 00052C  06131000  00000110 00010011 00010000 00000000  (L418)
0014C 000530  06111000  00000110 00010001 00010000 00000000  (L419)
0014D 000534  53210000  01010011 00100001 00000000 00000000  (L420)
0014E 000538  0C100000  00001100 00010000 00000000 00000000  (L421)
0014F 00053C  8C10FEE0  10001100 00010000 11111110 11100000  (L422)
00150 000540  8D10002C  10001101 00010000 00000000 00101100  (L423)
00151 000544  53210004  01010011 00100001 00000000 00000100  (L424)
00152 000548  0C10007E  00001100 00010000 00000000 01111110  (L425)
00153 00054C  53210008  01010011 00100001 00000000 00001000  (L426)
00154 000550  0C200000  00001100 00100000 00000000 00000000  (L427)
00155 000554  8C20FFF0  10001100 00100000 11111111 11110000  (L428)
00156 000558  8D200000  10001101 00100000 00000000 00000000  (L429)
00157 00055C  8CF0FFF0  10001100 11110000 11111111 11110000  (L430)
00158 000560  8DF01508  10001101 11110000 00010101 00001000  (L431)
00159 000564  100F0000  00010000 00001111 00000000 00000000  (L432)
;
; [.LBB2_2:]
0015A 000568  8DE0FFFC  10001101 11100000 11111111 11111100  (L434)
0015B 00056C  11000000  00010001 00000000 00000000 00000000  (L435)
;
; [initGpu:]
0015C 000570  8DE00004  10001101 11100000 00000000 00000100  (L443)
0015D 000574  0C200000  00001100 00100000 00000000 00000000  (L444)
0015E 000578  53120004  01010011 00010010 00000000 00000100  (L445)
0015F 00057C  8DE0FFFC  10001101 11100000 11111111 11111100  (L446)
00160 000580  11000000  00010001 00000000 00000000 00000000  (L447)
;
; [gpuWrite:]
00161 000584  8DE00004  10001101 11100000 00000000 00000100  (L455)
00162 000588  8DE0FFFC  10001101 11100000 11111111 11111100  (L456)
00163 00058C  11000000  00010001 00000000 00000000 00000000  (L457)
;
; [displaySearch:]
00164 000590  8DE00008  10001101 11100000 00000000 00001000  (L465)
00165 000594  53E8FFFC  01010011 11101000 11111111 11111100  (L466)
00166 000598  0C100000  00001100 00010000 00000000 00000000  (L467)
00167 00059C  8C100007  10001100 00010000 00000000 00000111  (L468)
00168 0005A0  8D100000  10001101 00010000 00000000 00000000  (L469)
00169 0005A4  8CF0FFF0  10001100 11110000 11111111 11110000  (L470)
0016A 0005A8  8DF01244  10001101 11110000 00010010 01000100  (L471)
0016B 0005AC  100F0000  00010000 00001111 00000000 00000000  (L472)
0016C 0005B0  0C200000  00001100 00100000 00000000 00000000  (L473)
0016D 0005B4  03120000  00000011 00010010 00000000 00000000  (L474)
0016E 0005B8  8CF0FFF0  10001100 11110000 11111111 11110000  (L475)
0016F 0005BC  8DF00764  10001101 11110000 00000111 01100100  (L476)
00170 0005C0  0F2F0000  00001111 00101111 00000000 00000000  (L477)
00171 0005C4  0C300014  00001100 00110000 00000000 00010100  (L479)
00172 0005C8  04131000  00000100 00010011 00010000 00000000  (L480)
00173 0005CC  0C400000  00001100 01000000 00000000 00000000  (L481)
00174 0005D0  8C400400  10001100 01000000 00000100 00000000  (L482)
00175 0005D4  8D4000F8  10001101 01000000 00000000 11111000  (L483)
00176 0005D8  52440000  01010010 01000100 00000000 00000000  (L484)
00177 0005DC  02411000  00000010 01000001 00010000 00000000  (L485)
00178 0005E0  12140010  00010010 00010100 00000000 00010000  (L486)
00179 0005E4  12150011  00010010 00010101 00000000 00010001  (L487)
0017A 0005E8  12110012  00010010 00010001 00000000 00010010  (L488)
0017B 0005EC  0C600000  00001100 01100000 00000000 00000000  (L489)
0017C 0005F0  8C600400  10001100 01100000 00000100 00000000  (L490)
0017D 0005F4  8D600194  10001101 01100000 00000001 10010100  (L491)
0017E 0005F8  13620000  00010011 01100010 00000000 00000000  (L492)
0017F 0005FC  0C600000  00001100 01100000 00000000 00000000  (L493)
00180 000600  8C600400  10001100 01100000 00000100 00000000  (L494)
00181 000604  8D600195  10001101 01100000 00000001 10010101  (L495)
00182 000608  13620000  00010011 01100010 00000000 00000000  (L496)
00183 00060C  0C600000  00001100 01100000 00000000 00000000  (L497)
00184 000610  8C600400  10001100 01100000 00000100 00000000  (L498)
00185 000614  8D600196  10001101 01100000 00000001 10010110  (L499)
00186 000618  13620000  00010011 01100010 00000000 00000000  (L500)
00187 00061C  0C600000  00001100 01100000 00000000 00000000  (L501)
00188 000620  8C600400  10001100 01100000 00000100 00000000  (L502)
00189 000624  8D600160  10001101 01100000 00000001 01100000  (L503)
0018A 000628  13620000  00010011 01100010 00000000 00000000  (L504)
0018B 00062C  0A432000  00001010 01000011 00100000 00000000  (L505)
0018C 000630  0C30000F  00001100 00110000 00000000 00001111  (L506)
0018D 000634  0A533000  00001010 01010011 00110000 00000000  (L507)
0018E 000638  06322000  00000110 00110010 00100000 00000000  (L508)
0018F 00063C  0C30000C  00001100 00110000 00000000 00001100  (L509)
00190 000640  0A131000  00001010 00010011 00010000 00000000  (L510)
00191 000644  06222000  00000110 00100010 00100000 00000000  (L511)
00192 000648  06211000  00000110 00100001 00010000 00000000  (L512)
00193 00064C  06111000  00000110 00010001 00010000 00000000  (L513)
00194 000650  0C200000  00001100 00100000 00000000 00000000  (L514)
00195 000654  8C20E000  10001100 00100000 11100000 00000000  (L515)
00196 000658  8D200004  10001101 00100000 00000000 00000100  (L516)
00197 00065C  06122000  00000110 00010010 00100000 00000000  (L517)
00198 000660  06222000  00000110 00100010 00100000 00000000  (L518)
00199 000664  0C300003  00001100 00110000 00000000 00000011  (L519)
0019A 000668  53230000  01010011 00100011 00000000 00000000  (L520)
0019B 00066C  0C200000  00001100 00100000 00000000 00000000  (L521)
0019C 000670  8C20E000  10001100 00100000 11100000 00000000  (L522)
0019D 000674  8D200010  10001101 00100000 00000000 00010000  (L523)
0019E 000678  06122000  00000110 00010010 00100000 00000000  (L524)
0019F 00067C  06222000  00000110 00100010 00100000 00000000  (L525)
001A0 000680  52220000  01010010 00100010 00000000 00000000  (L526)
001A1 000684  0C300000  00001100 00110000 00000000 00000000  (L527)
001A2 000688  8C300400  10001100 00110000 00000100 00000000  (L528)
001A3 00068C  8D30019C  10001101 00110000 00000001 10011100  (L529)
001A4 000690  53320000  01010011 00110010 00000000 00000000  (L530)
001A5 000694  0C200000  00001100 00100000 00000000 00000000  (L531)
001A6 000698  8C20E000  10001100 00100000 11100000 00000000  (L532)
001A7 00069C  8D200024  10001101 00100000 00000000 00100100  (L533)
001A8 0006A0  06122000  00000110 00010010 00100000 00000000  (L534)
001A9 0006A4  0C300000  00001100 00110000 00000000 00000000  (L535)
001AA 0006A8  8C30E000  10001100 00110000 11100000 00000000  (L536)
001AB 0006AC  8D300000  10001101 00110000 00000000 00000000  (L537)
001AC 0006B0  06131000  00000110 00010011 00010000 00000000  (L538)
001AD 0006B4  06118000  00000110 00010001 10000000 00000000  (L539)
001AE 0006B8  06221000  00000110 00100010 00010000 00000000  (L540)
001AF 0006BC  52110000  01010010 00010001 00000000 00000000  (L541)
001B0 0006C0  02182000  00000010 00011000 00100000 00000000  (L542)
001B1 0006C4  0C1000FF  00001100 00010000 00000000 11111111  (L543)
001B2 0006C8  52230000  01010010 00100011 00000000 00000000  (L544)
001B3 0006CC  07311000  00000111 00110001 00010000 00000000  (L545)
001B4 0006D0  0C300005  00001100 00110000 00000000 00000101  (L546)
001B5 0006D4  03130000  00000011 00010011 00000000 00000000  (L547)
001B6 0006D8  8CF0FFF0  10001100 11110000 11111111 11110000  (L548)
001B7 0006DC  8DF00738  10001101 11110000 00000111 00111000  (L549)
001B8 0006E0  0F1F0000  00001111 00011111 00000000 00000000  (L550)
001B9 0006E4  52210000  01010010 00100001 00000000 00000000  (L552)
001BA 0006E8  0C30000D  00001100 00110000 00000000 00001101  (L553)
001BB 0006EC  09131000  00001001 00010011 00010000 00000000  (L554)
001BC 0006F0  0C300070  00001100 00110000 00000000 01110000  (L555)
001BD 0006F4  07131000  00000111 00010011 00010000 00000000  (L556)
001BE 0006F8  0C300001  00001100 00110000 00000000 00000001  (L557)
001BF 0006FC  06131000  00000110 00010011 00010000 00000000  (L558)
001C0 000700  06111000  00000110 00010001 00010000 00000000  (L559)
001C1 000704  53210000  01010011 00100001 00000000 00000000  (L560)
001C2 000708  0C100000  00001100 00010000 00000000 00000000  (L561)
001C3 00070C  8C10FEE0  10001100 00010000 11111110 11100000  (L562)
001C4 000710  8D10002C  10001101 00010000 00000000 00101100  (L563)
001C5 000714  53210004  01010011 00100001 00000000 00000100  (L564)
001C6 000718  0C10007E  00001100 00010000 00000000 01111110  (L565)
001C7 00071C  53210008  01010011 00100001 00000000 00001000  (L566)
001C8 000720  0C200000  00001100 00100000 00000000 00000000  (L567)
001C9 000724  8C20FFF0  10001100 00100000 11111111 11110000  (L568)
001CA 000728  8D200000  10001101 00100000 00000000 00000000  (L569)
001CB 00072C  8CF0FFF0  10001100 11110000 11111111 11110000  (L570)
001CC 000730  8DF01508  10001101 11110000 00010101 00001000  (L571)
001CD 000734  100F0000  00010000 00001111 00000000 00000000  (L572)
;
; [.LBB5_3:]
001CE 000738  0C100000  00001100 00010000 00000000 00000000  (L574)
001CF 00073C  8C10FFF0  10001100 00010000 11111111 11110000  (L575)
001D0 000740  8D100184  10001101 00010000 00000001 10000100  (L576)
001D1 000744  0C200000  00001100 00100000 00000000 00000000  (L577)
001D2 000748  8C200400  10001100 00100000 00000100 00000000  (L578)
001D3 00074C  8D200198  10001101 00100000 00000001 10011000  (L579)
001D4 000750  53210000  01010011 00100001 00000000 00000000  (L580)
001D5 000754  0C100000  00001100 00010000 00000000 00000000  (L581)
001D6 000758  8C100400  10001100 00010000 00000100 00000000  (L582)
001D7 00075C  8D1001A0  10001101 00010000 00000001 10100000  (L583)
001D8 000760  53180000  01010011 00011000 00000000 00000000  (L584)
;
; [.LBB5_4:]
001D9 000764  52E8FFFC  01010010 11101000 11111111 11111100  (L586)
001DA 000768  8DE0FFF8  10001101 11100000 11111111 11111000  (L587)
001DB 00076C  11000000  00010001 00000000 00000000 00000000  (L588)
;
; [strlen:]
001DC 000770  8DE00004  10001101 11100000 00000000 00000100  (L596)
001DD 000774  82102000  10000010 00010000 00100000 00000000  (L597)
001DE 000778  0D20FFFF  00001101 00100000 11111111 11111111  (L598)
001DF 00077C  0C300000  00001100 00110000 00000000 00000000  (L599)
;
; [.LBB6_1:]
001E0 000780  12240001  00010010 00100100 00000000 00000001  (L602)
001E1 000784  0D200001  00001101 00100000 00000000 00000001  (L603)
001E2 000788  03430000  00000011 01000011 00000000 00000000  (L604)
001E3 00078C  8CF0FFF0  10001100 11110000 11111111 11110000  (L605)
001E4 000790  8DF00780  10001101 11110000 00000111 10000000  (L606)
001E5 000794  0F1F0000  00001111 00011111 00000000 00000000  (L607)
001E6 000798  03211000  00000011 00100001 00010000 00000000  (L609)
001E7 00079C  8DE0FFFC  10001101 11100000 11111111 11111100  (L610)
001E8 0007A0  11000000  00010001 00000000 00000000 00000000  (L611)
;
; [biosWrite:]
001E9 0007A4  8DE0000C  10001101 11100000 00000000 00001100  (L619)
001EA 0007A8  53E8FFFC  01010011 11101000 11111111 11111100  (L620)
001EB 0007AC  53E9FFF8  01010011 11101001 11111111 11111000  (L621)
001EC 0007B0  82203000  10000010 00100000 00110000 00000000  (L622)
001ED 0007B4  0C200000  00001100 00100000 00000000 00000000  (L623)
001EE 0007B8  8C200400  10001100 00100000 00000100 00000000  (L624)
001EF 0007BC  8D200198  10001101 00100000 00000001 10011000  (L625)
001F0 0007C0  52290000  01010010 00101001 00000000 00000000  (L626)
001F1 0007C4  0C400000  00001100 01000000 00000000 00000000  (L627)
001F2 0007C8  03940000  00000011 10010100 00000000 00000000  (L628)
001F3 0007CC  8CF0FFF0  10001100 11110000 11111111 11110000  (L629)
001F4 0007D0  8DF00818  10001101 11110000 00001000 00011000  (L630)
001F5 0007D4  0F0F0000  00001111 00001111 00000000 00000000  (L631)
001F6 0007D8  12150000  00010010 00010101 00000000 00000000  (L633)
001F7 0007DC  0C200001  00001100 00100000 00000000 00000001  (L634)
001F8 0007E0  0C6000FF  00001100 01100000 00000000 11111111  (L635)
001F9 0007E4  03320000  00000011 00110010 00000000 00000000  (L636)
001FA 0007E8  8CF0FFF0  10001100 11110000 11111111 11110000  (L637)
001FB 0007EC  8DF00834  10001101 11110000 00001000 00110100  (L638)
001FC 0007F0  0F2F0000  00001111 00101111 00000000 00000000  (L639)
001FD 0007F4  07567000  00000111 01010110 01110000 00000000  (L641)
001FE 0007F8  03740000  00000011 01110100 00000000 00000000  (L642)
001FF 0007FC  8CF0FFF0  10001100 11110000 11111111 11110000  (L643)
00200 000800  8DF00834  10001101 11110000 00001000 00110100  (L644)
00201 000804  0F1F0000  00001111 00011111 00000000 00000000  (L645)
00202 000808  0C200002  00001100 00100000 00000000 00000010  (L647)
00203 00080C  8CF0FFF0  10001100 11110000 11111111 11110000  (L648)
00204 000810  8DF00860  10001101 11110000 00001000 01100000  (L649)
00205 000814  0E0F0000  00001110 00001111 00000000 00000000  (L650)
;
; [.LBB7_4:]
00206 000818  8CF0FFF0  10001100 11110000 11111111 11110000  (L652)
00207 00081C  8DF01640  10001101 11110000 00010110 01000000  (L653)
00208 000820  100F0000  00010000 00001111 00000000 00000000  (L654)
00209 000824  01000000  00000001 00000000 00000000 00000000  (L656)
0020A 000828  8CF0FFF0  10001100 11110000 11111111 11110000  (L658)
0020B 00082C  8DF00870  10001101 11110000 00001000 01110000  (L659)
0020C 000830  0E0F0000  00001110 00001111 00000000 00000000  (L660)
;
; [.LBB7_5:]
0020D 000834  03340000  00000011 00110100 00000000 00000000  (L662)
0020E 000838  8CF0FFF0  10001100 11110000 11111111 11110000  (L663)
0020F 00083C  8DF00880  10001101 11110000 00001000 10000000  (L664)
00210 000840  0F1F0000  00001111 00011111 00000000 00000000  (L665)
00211 000844  07565000  00000111 01010110 01010000 00000000  (L667)
00212 000848  03540000  00000011 01010100 00000000 00000000  (L668)
00213 00084C  8CF0FFF0  10001100 11110000 11111111 11110000  (L669)
00214 000850  8DF00880  10001101 11110000 00001000 10000000  (L670)
00215 000854  0F1F0000  00001111 00011111 00000000 00000000  (L671)
00216 000858  0C200003  00001100 00100000 00000000 00000011  (L673)
00217 00085C  0C300000  00001100 00110000 00000000 00000000  (L674)
;
; [.LBB7_8:]
00218 000860  0C100000  00001100 00010000 00000000 00000000  (L676)
00219 000864  8C100400  10001100 00010000 00000100 00000000  (L677)
0021A 000868  8D100030  10001101 00010000 00000000 00110000  (L678)
;
; [.LBB7_9:]
0021B 00086C  10090000  00010000 00001001 00000000 00000000  (L680)
;
; [.LBB7_10:]
0021C 000870  52E9FFF8  01010010 11101001 11111111 11111000  (L682)
0021D 000874  52E8FFFC  01010010 11101000 11111111 11111100  (L683)
0021E 000878  8DE0FFF4  10001101 11100000 11111111 11110100  (L684)
0021F 00087C  11000000  00010001 00000000 00000000 00000000  (L685)
;
; [.LBB7_11:]
00220 000880  12150001  00010010 00010101 00000000 00000001  (L687)
00221 000884  03540000  00000011 01010100 00000000 00000000  (L688)
00222 000888  8CF0FFF0  10001100 11110000 11111111 11110000  (L689)
00223 00088C  8DF008BC  10001101 11110000 00001000 10111100  (L690)
00224 000890  0F0F0000  00001111 00001111 00000000 00000000  (L691)
00225 000894  82108000  10000010 00010000 10000000 00000000  (L693)
00226 000898  8CF0FFF0  10001100 11110000 11111111 11110000  (L694)
00227 00089C  8DF00770  10001101 11110000 00000111 01110000  (L695)
00228 0008A0  100F0000  00010000 00001111 00000000 00000000  (L696)
00229 0008A4  82103000  10000010 00010000 00110000 00000000  (L697)
0022A 0008A8  0C200004  00001100 00100000 00000000 00000100  (L698)
0022B 0008AC  82801000  10000010 10000000 00010000 00000000  (L699)
0022C 0008B0  8CF0FFF0  10001100 11110000 11111111 11110000  (L700)
0022D 0008B4  8DF0086C  10001101 11110000 00001000 01101100  (L701)
0022E 0008B8  0E0F0000  00001110 00001111 00000000 00000000  (L702)
;
; [.LBB7_13:]
0022F 0008BC  03230000  00000011 00100011 00000000 00000000  (L704)
00230 0008C0  8CF0FFF0  10001100 11110000 11111111 11110000  (L705)
00231 0008C4  8DF0086C  10001101 11110000 00001000 01101100  (L706)
00232 0008C8  0F4F0000  00001111 01001111 00000000 00000000  (L707)
00233 0008CC  82203000  10000010 00100000 00110000 00000000  (L709)
00234 0008D0  8CF0FFF0  10001100 11110000 11111111 11110000  (L710)
00235 0008D4  8DF0086C  10001101 11110000 00001000 01101100  (L711)
00236 0008D8  0E0F0000  00001110 00001111 00000000 00000000  (L712)
;
; [intToAscii:]
00237 0008DC  8DE00018  10001101 11100000 00000000 00011000  (L720)
00238 0008E0  53E8FFFC  01010011 11101000 11111111 11111100  (L721)
00239 0008E4  53E9FFF8  01010011 11101001 11111111 11111000  (L722)
0023A 0008E8  53EAFFF4  01010011 11101010 11111111 11110100  (L723)
0023B 0008EC  53EBFFF0  01010011 11101011 11111111 11110000  (L724)
0023C 0008F0  53ECFFEC  01010011 11101100 11111111 11101100  (L725)
0023D 0008F4  82108000  10000010 00010000 10000000 00000000  (L726)
0023E 0008F8  14890000  00010100 10001001 00000000 00000000  (L728)
0023F 0008FC  8CF0FFF0  10001100 11110000 11111111 11110000  (L730)
00240 000900  8DF01640  10001101 11110000 00010110 01000000  (L731)
00241 000904  100F0000  00010000 00001111 00000000 00000000  (L732)
00242 000908  0C100000  00001100 00010000 00000000 00000000  (L733)
00243 00090C  8C100400  10001100 00010000 00000100 00000000  (L734)
00244 000910  8D1002A4  10001101 00010000 00000010 10100100  (L735)
00245 000914  52120000  01010010 00010010 00000000 00000000  (L736)
00246 000918  82203000  10000010 00100000 00110000 00000000  (L737)
00247 00091C  0D300001  00001101 00110000 00000000 00000001  (L738)
00248 000920  0C400007  00001100 01000000 00000000 00000111  (L739)
00249 000924  07343000  00000111 00110100 00110000 00000000  (L740)
0024A 000928  53130000  01010011 00010011 00000000 00000000  (L741)
0024B 00092C  15980000  00010101 10011000 00000000 00000000  (L743)
0024C 000930  0C100005  00001100 00010000 00000000 00000101  (L745)
0024D 000934  0A211000  00001010 00100001 00010000 00000000  (L746)
0024E 000938  0C200000  00001100 00100000 00000000 00000000  (L747)
0024F 00093C  8C200400  10001100 00100000 00000100 00000000  (L748)
00250 000940  8D2001C3  10001101 00100000 00000001 11000011  (L749)
00251 000944  02123000  00000010 00010010 00110000 00000000  (L750)
00252 000948  0C200000  00001100 00100000 00000000 00000000  (L751)
00253 00094C  13320000  00010011 00110010 00000000 00000000  (L752)
00254 000950  03820000  00000011 10000010 00000000 00000000  (L753)
00255 000954  8CF0FFF0  10001100 11110000 11111111 11110000  (L754)
00256 000958  8DF00A58  10001101 11110000 00001010 01011000  (L755)
00257 00095C  0F0F0000  00001111 00001111 00000000 00000000  (L756)
00258 000960  0C30001F  00001100 00110000 00000000 00011111  (L758)
00259 000964  0C400001  00001100 01000000 00000000 00000001  (L759)
0025A 000968  82805000  10000010 10000000 01010000 00000000  (L760)
0025B 00096C  03320000  00000011 00110010 00000000 00000000  (L761)
0025C 000970  8CF0FFF0  10001100 11110000 11111111 11110000  (L762)
0025D 000974  8DF00988  10001101 11110000 00001001 10001000  (L763)
0025E 000978  0F0F0000  00001111 00001111 00000000 00000000  (L764)
0025F 00097C  09835000  00001001 10000011 01010000 00000000  (L766)
00260 000980  0A546000  00001010 01010100 01100000 00000000  (L767)
00261 000984  03565000  00000011 01010110 01010000 00000000  (L768)
;
; [.LBB8_3:]
00262 000988  08856000  00001000 10000101 01100000 00000000  (L770)
00263 00098C  03659000  00000011 01100101 10010000 00000000  (L771)
00264 000990  0C500000  00001100 01010000 00000000 00000000  (L772)
00265 000994  8C500400  10001100 01010000 00000100 00000000  (L773)
00266 000998  8D5001C2  10001101 01010000 00000001 11000010  (L774)
00267 00099C  02151000  00000010 00010101 00010000 00000000  (L775)
00268 0009A0  0C500000  00001100 01010000 00000000 00000000  (L776)
00269 0009A4  8C50CCCD  10001100 01010000 11001100 11001101  (L777)
0026A 0009A8  8D50CCCD  10001101 01010000 11001100 11001101  (L778)
0026B 0009AC  0C600003  00001100 01100000 00000000 00000011  (L779)
0026C 0009B0  0C7000F6  00001100 01110000 00000000 11110110  (L780)
0026D 0009B4  8CF0FFF0  10001100 11110000 11111111 11110000  (L781)
0026E 0009B8  8DF00A00  10001101 11110000 00001010 00000000  (L782)
0026F 0009BC  0E0F0000  00001110 00001111 00000000 00000000  (L783)
;
; [.LBB8_6:]
00270 0009C0  07A5A000  00000111 10100101 10100000 00000000  (L786)
00271 0009C4  0495B000  00000100 10010101 10110000 00000000  (L787)
00272 0009C8  0BC00000  00001011 11000000 00000000 00000000  (L788)
00273 0009CC  02CAA000  00000010 11001010 10100000 00000000  (L789)
00274 0009D0  02A9A000  00000010 10101001 10100000 00000000  (L790)
00275 0009D4  09A6A000  00001001 10100110 10100000 00000000  (L791)
00276 0009D8  04A7B000  00000100 10100111 10110000 00000000  (L792)
00277 0009DC  02B99000  00000010 10111001 10010000 00000000  (L793)
00278 0009E0  0D900030  00001101 10010000 00000000 00110000  (L794)
00279 0009E4  13190000  00010011 00011001 00000000 00000000  (L795)
0027A 0009E8  0D10FFFF  00001101 00010000 11111111 11111111  (L796)
0027B 0009EC  82A09000  10000010 10100000 10010000 00000000  (L797)
0027C 0009F0  03A20000  00000011 10100010 00000000 00000000  (L798)
0027D 0009F4  8CF0FFF0  10001100 11110000 11111111 11110000  (L799)
0027E 0009F8  8DF00A2C  10001101 11110000 00001010 00101100  (L800)
0027F 0009FC  0F0F0000  00001111 00001111 00000000 00000000  (L801)
;
; [.LBB8_4:]
00280 000A00  8290A000  10000010 10010000 10100000 00000000  (L804)
00281 000A04  03320000  00000011 00110010 00000000 00000000  (L805)
00282 000A08  8CF0FFF0  10001100 11110000 11111111 11110000  (L806)
00283 000A0C  8DF009C0  10001101 11110000 00001001 11000000  (L807)
00284 000A10  0F0F0000  00001111 00001111 00000000 00000000  (L808)
00285 000A14  0993A000  00001001 10010011 10100000 00000000  (L811)
00286 000A18  0AA4B000  00001010 10100100 10110000 00000000  (L812)
00287 000A1C  03ABA000  00000011 10101011 10100000 00000000  (L813)
00288 000A20  8CF0FFF0  10001100 11110000 11111111 11110000  (L814)
00289 000A24  8DF009C0  10001101 11110000 00001001 11000000  (L815)
0028A 000A28  0E0F0000  00001110 00001111 00000000 00000000  (L816)
;
; [.LBB8_7:]
0028B 000A2C  0C200000  00001100 00100000 00000000 00000000  (L818)
0028C 000A30  8C200000  10001100 00100000 00000000 00000000  (L819)
0028D 000A34  8D20FFFF  10001101 00100000 11111111 11111111  (L820)
0028E 000A38  03280000  00000011 00101000 00000000 00000000  (L821)
0028F 000A3C  8CF0FFF0  10001100 11110000 11111111 11110000  (L822)
00290 000A40  8DF00A80  10001101 11110000 00001010 10000000  (L823)
00291 000A44  0F3F0000  00001111 00111111 00000000 00000000  (L824)
00292 000A48  0D100001  00001101 00010000 00000000 00000001  (L826)
00293 000A4C  8CF0FFF0  10001100 11110000 11111111 11110000  (L827)
00294 000A50  8DF00A88  10001101 11110000 00001010 10001000  (L828)
00295 000A54  0E0F0000  00001110 00001111 00000000 00000000  (L829)
;
; [.LBB8_11:]
00296 000A58  0C200000  00001100 00100000 00000000 00000000  (L831)
00297 000A5C  8C200400  10001100 00100000 00000100 00000000  (L832)
00298 000A60  8D2001A4  10001101 00100000 00000001 10100100  (L833)
00299 000A64  02121000  00000010 00010010 00010000 00000000  (L834)
0029A 000A68  0C200030  00001100 00100000 00000000 00110000  (L835)
0029B 000A6C  1312001E  00010011 00010010 00000000 00011110  (L836)
0029C 000A70  0D10001E  00001101 00010000 00000000 00011110  (L837)
0029D 000A74  8CF0FFF0  10001100 11110000 11111111 11110000  (L838)
0029E 000A78  8DF00A88  10001101 11110000 00001010 10001000  (L839)
0029F 000A7C  0E0F0000  00001110 00001111 00000000 00000000  (L840)
;
; [.LBB8_9:]
002A0 000A80  0C20002D  00001100 00100000 00000000 00101101  (L842)
002A1 000A84  13120000  00010011 00010010 00000000 00000000  (L843)
;
; [.LBB8_10:]
002A2 000A88  52ECFFEC  01010010 11101100 11111111 11101100  (L845)
002A3 000A8C  52EBFFF0  01010010 11101011 11111111 11110000  (L846)
002A4 000A90  52EAFFF4  01010010 11101010 11111111 11110100  (L847)
002A5 000A94  52E9FFF8  01010010 11101001 11111111 11111000  (L848)
002A6 000A98  52E8FFFC  01010010 11101000 11111111 11111100  (L849)
002A7 000A9C  8DE0FFE8  10001101 11100000 11111111 11101000  (L850)
002A8 000AA0  11000000  00010001 00000000 00000000 00000000  (L851)
;
; [bus_Enumeration:]
002A9 000AA4  8DE00034  10001101 11100000 00000000 00110100  (L859)
002AA 000AA8  53E8FFE4  01010011 11101000 11111111 11100100  (L860)
002AB 000AAC  53E9FFE0  01010011 11101001 11111111 11100000  (L861)
002AC 000AB0  53EAFFDC  01010011 11101010 11111111 11011100  (L862)
002AD 000AB4  53EBFFD8  01010011 11101011 11111111 11011000  (L863)
002AE 000AB8  53ECFFD4  01010011 11101100 11111111 11010100  (L864)
002AF 000ABC  53EDFFD0  01010011 11101101 11111111 11010000  (L865)
002B0 000AC0  82307000  10000010 00110000 01110000 00000000  (L866)
002B1 000AC4  82206000  10000010 00100000 01100000 00000000  (L867)
002B2 000AC8  82105000  10000010 00010000 01010000 00000000  (L868)
002B3 000ACC  0C1000FF  00001100 00010000 00000000 11111111  (L869)
002B4 000AD0  03150000  00000011 00010101 00000000 00000000  (L870)
002B5 000AD4  8CF0FFF0  10001100 11110000 11111111 11110000  (L871)
002B6 000AD8  8DF011EC  10001101 11110000 00010001 11101100  (L872)
002B7 000ADC  0F4F0000  00001111 01001111 00000000 00000000  (L873)
002B8 000AE0  0C100014  00001100 00010000 00000000 00010100  (L875)
002B9 000AE4  0A511000  00001010 01010001 00010000 00000000  (L876)
002BA 000AE8  53E1FFF0  01010011 11100001 11111111 11110000  (L877)
002BB 000AEC  0C900000  00001100 10010000 00000000 00000000  (L878)
002BC 000AF0  0C400001  00001100 01000000 00000000 00000001  (L879)
002BD 000AF4  0CB00000  00001100 10110000 00000000 00000000  (L880)
002BE 000AF8  8CB00400  10001100 10110000 00000100 00000000  (L881)
002BF 000AFC  8DB004AC  10001101 10110000 00000100 10101100  (L882)
002C0 000B00  0C800000  00001100 10000000 00000000 00000000  (L883)
002C1 000B04  8C80C000  10001100 10000000 11000000 00000000  (L884)
002C2 000B08  8D800000  10001101 10000000 00000000 00000000  (L885)
002C3 000B0C  0CA00000  00001100 10100000 00000000 00000000  (L886)
002C4 000B10  8CA00400  10001100 10100000 00000100 00000000  (L887)
002C5 000B14  8DA000F8  10001101 10100000 00000000 11111000  (L888)
002C6 000B18  53E9FFF4  01010011 11101001 11111111 11110100  (L889)
002C7 000B1C  53E7FFF8  01010011 11100111 11111111 11111000  (L890)
002C8 000B20  53E5FFFC  01010011 11100101 11111111 11111100  (L891)
;
; [.LBB9_2:]
002C9 000B24  8290D000  10000010 10010000 11010000 00000000  (L895)
002CA 000B28  82901000  10000010 10010000 00010000 00000000  (L896)
;
; [.LBB9_3:]
002CB 000B2C  53E1FFE8  01010011 11100001 11111111 11101000  (L900)
002CC 000B30  52E1FFF0  01010010 11100001 11111111 11110000  (L901)
002CD 000B34  021DC000  00000010 00011101 11000000 00000000  (L902)
002CE 000B38  0C100000  00001100 00010000 00000000 00000000  (L903)
002CF 000B3C  8C10E000  10001100 00010000 11100000 00000000  (L904)
002D0 000B40  8D100000  10001101 00010000 00000000 00000000  (L905)
002D1 000B44  02C11000  00000010 11000001 00010000 00000000  (L906)
002D2 000B48  52110000  01010010 00010001 00000000 00000000  (L907)
002D3 000B4C  0C200000  00001100 00100000 00000000 00000000  (L908)
002D4 000B50  8C200001  10001100 00100000 00000000 00000001  (L909)
002D5 000B54  8D20FFFF  10001101 00100000 11111111 11111111  (L910)
002D6 000B58  07121000  00000111 00010010 00010000 00000000  (L911)
002D7 000B5C  03120000  00000011 00010010 00000000 00000000  (L912)
002D8 000B60  8CF0FFF0  10001100 11110000 11111111 11110000  (L913)
002D9 000B64  8DF00EFC  10001101 11110000 00001110 11111100  (L914)
002DA 000B68  0F0F0000  00001111 00001111 00000000 00000000  (L915)
002DB 000B6C  52B10000  01010010 10110001 00000000 00000000  (L918)
002DC 000B70  0C20003F  00001100 00100000 00000000 00111111  (L919)
002DD 000B74  03210000  00000011 00100001 00000000 00000000  (L920)
002DE 000B78  8CF0FFF0  10001100 11110000 11111111 11110000  (L921)
002DF 000B7C  8DF011EC  10001101 11110000 00010001 11101100  (L922)
002E0 000B80  0F2F0000  00001111 00101111 00000000 00000000  (L923)
002E1 000B84  52720000  01010010 01110010 00000000 00000000  (L926)
002E2 000B88  02282000  00000010 00101000 00100000 00000000  (L927)
002E3 000B8C  0C300014  00001100 00110000 00000000 00010100  (L928)
002E4 000B90  0CB00000  00001100 10110000 00000000 00000000  (L929)
002E5 000B94  8CB0C000  10001100 10110000 11000000 00000000  (L930)
002E6 000B98  8DB00000  10001101 10110000 00000000 00000000  (L931)
002E7 000B9C  04138000  00000100 00010011 10000000 00000000  (L932)
002E8 000BA0  52A10000  01010010 10100001 00000000 00000000  (L933)
002E9 000BA4  02181000  00000010 00011000 00010000 00000000  (L934)
002EA 000BA8  53120000  01010011 00010010 00000000 00000000  (L935)
002EB 000BAC  13150010  00010011 00010101 00000000 00010000  (L936)
002EC 000BB0  52E2FFF4  01010010 11100010 11111111 11110100  (L937)
002ED 000BB4  13120011  00010011 00010010 00000000 00010001  (L938)
002EE 000BB8  52E2FFE8  01010010 11100010 11111111 11101000  (L939)
002EF 000BBC  13120012  00010011 00010010 00000000 00010010  (L940)
002F0 000BC0  0C200000  00001100 00100000 00000000 00000000  (L941)
002F1 000BC4  8C20E000  10001100 00100000 11100000 00000000  (L942)
002F2 000BC8  8D200008  10001101 00100000 00000000 00001000  (L943)
002F3 000BCC  02C22000  00000010 11000010 00100000 00000000  (L944)
002F4 000BD0  522A0000  01010010 00101010 00000000 00000000  (L945)
002F5 000BD4  0C200018  00001100 00100000 00000000 00011000  (L946)
002F6 000BD8  09A22000  00001001 10100010 00100000 00000000  (L947)
002F7 000BDC  0C30007F  00001100 00110000 00000000 01111111  (L948)
002F8 000BE0  07232000  00000111 00100011 00100000 00000000  (L949)
002F9 000BE4  531A000C  01010011 00011010 00000000 00001100  (L950)
002FA 000BE8  03240000  00000011 00100100 00000000 00000000  (L951)
002FB 000BEC  8CF0FFF0  10001100 11110000 11111111 11110000  (L952)
002FC 000BF0  8DF00EBC  10001101 11110000 00001110 10111100  (L953)
002FD 000BF4  0F1F0000  00001111 00011111 00000000 00000000  (L954)
002FE 000BF8  52720000  01010010 01110010 00000000 00000000  (L957)
002FF 000BFC  0C300000  00001100 00110000 00000000 00000000  (L958)
00300 000C00  8C300001  10001100 00110000 00000000 00000001  (L959)
00301 000C04  8D30FFFF  10001101 00110000 11111111 11111111  (L960)
00302 000C08  02232000  00000010 00100011 00100000 00000000  (L961)
00303 000C0C  0C300000  00001100 00110000 00000000 00000000  (L962)
00304 000C10  8C30FFFF  10001100 00110000 11111111 11111111  (L963)
00305 000C14  8D300000  10001101 00110000 00000000 00000000  (L964)
00306 000C18  07232000  00000111 00100011 00100000 00000000  (L965)
00307 000C1C  53720000  01010011 01110010 00000000 00000000  (L966)
00308 000C20  022B2000  00000010 00101011 00100000 00000000  (L967)
00309 000C24  53120000  01010011 00010010 00000000 00000000  (L968)
0030A 000C28  0C200000  00001100 00100000 00000000 00000000  (L969)
0030B 000C2C  8C200400  10001100 00100000 00000100 00000000  (L970)
0030C 000C30  8D2004AC  10001101 00100000 00000100 10101100  (L971)
0030D 000C34  52210000  01010010 00100001 00000000 00000000  (L972)
0030E 000C38  0D100001  00001101 00010000 00000000 00000001  (L973)
0030F 000C3C  53210000  01010011 00100001 00000000 00000000  (L974)
00310 000C40  53ECFFEC  01010011 11101100 11111111 11101100  (L975)
00311 000C44  0C100000  00001100 00010000 00000000 00000000  (L976)
00312 000C48  8C10E000  10001100 00010000 11100000 00000000  (L977)
00313 000C4C  8D100010  10001101 00010000 00000000 00010000  (L978)
00314 000C50  02C19000  00000010 11000001 10010000 00000000  (L979)
00315 000C54  52610000  01010010 01100001 00000000 00000000  (L980)
00316 000C58  52920000  01010010 10010010 00000000 00000000  (L981)
00317 000C5C  0C300000  00001100 00110000 00000000 00000000  (L982)
00318 000C60  8C30FF00  10001100 00110000 11111111 00000000  (L983)
00319 000C64  8D300000  10001101 00110000 00000000 00000000  (L984)
0031A 000C68  07232000  00000111 00100011 00100000 00000000  (L985)
0031B 000C6C  0C3000FF  00001100 00110000 00000000 11111111  (L986)
0031C 000C70  07133000  00000111 00010011 00110000 00000000  (L987)
0031D 000C74  0C400010  00001100 01000000 00000000 00010000  (L988)
0031E 000C78  0A344000  00001010 00110100 01000000 00000000  (L989)
0031F 000C7C  06242000  00000110 00100100 00100000 00000000  (L990)
00320 000C80  06222000  00000110 00100010 00100000 00000000  (L991)
00321 000C84  06252000  00000110 00100101 00100000 00000000  (L992)
00322 000C88  0C400008  00001100 01000000 00000000 00001000  (L993)
00323 000C8C  0A34B000  00001010 00110100 10110000 00000000  (L994)
00324 000C90  06222000  00000110 00100010 00100000 00000000  (L995)
00325 000C94  062B2000  00000110 00101011 00100000 00000000  (L996)
00326 000C98  06222000  00000110 00100010 00100000 00000000  (L997)
00327 000C9C  53920000  01010011 10010010 00000000 00000000  (L998)
00328 000CA0  52620000  01010010 01100010 00000000 00000000  (L999)
00329 000CA4  0D200001  00001101 00100000 00000000 00000001  (L1000)
0032A 000CA8  53620000  01010011 01100010 00000000 00000000  (L1001)
0032B 000CAC  8260C000  10000010 01100000 11000000 00000000  (L1002)
0032C 000CB0  82602000  10000010 01100000 00100000 00000000  (L1003)
0032D 000CB4  82703000  10000010 01110000 00110000 00000000  (L1004)
0032E 000CB8  8CF0FFF0  10001100 11110000 11111111 11110000  (L1005)
0032F 000CBC  8DF00AA4  10001101 11110000 00001010 10100100  (L1006)
00330 000CC0  100F0000  00010000 00001111 00000000 00000000  (L1007)
00331 000CC4  52E7FFF8  01010010 11100111 11111111 11111000  (L1008)
00332 000CC8  0C100000  00001100 00010000 00000000 00000000  (L1009)
00333 000CCC  8C100400  10001100 00010000 00000100 00000000  (L1010)
00334 000CD0  8D1000F8  10001101 00010000 00000000 11111000  (L1011)
00335 000CD4  52110000  01010010 00010001 00000000 00000000  (L1012)
00336 000CD8  02181000  00000010 00011000 00010000 00000000  (L1013)
00337 000CDC  52720000  01010010 01110010 00000000 00000000  (L1014)
00338 000CE0  52130000  01010010 00010011 00000000 00000000  (L1015)
00339 000CE4  0C400000  00001100 01000000 00000000 00000000  (L1016)
0033A 000CE8  8C404000  10001100 01000000 01000000 00000000  (L1017)
0033B 000CEC  8D400000  10001101 01000000 00000000 00000000  (L1018)
0033C 000CF0  02343000  00000010 00110100 00110000 00000000  (L1019)
0033D 000CF4  03320000  00000011 00110010 00000000 00000000  (L1020)
0033E 000CF8  8CF0FFF0  10001100 11110000 11111111 11110000  (L1021)
0033F 000CFC  8DF00D28  10001101 11110000 00001101 00101000  (L1022)
00340 000D00  0F5F0000  00001111 01011111 00000000 00000000  (L1023)
00341 000D04  0C300000  00001100 00110000 00000000 00000000  (L1026)
00342 000D08  8C300001  10001100 00110000 00000000 00000001  (L1027)
00343 000D0C  8D30FFFF  10001101 00110000 11111111 11111111  (L1028)
00344 000D10  02232000  00000010 00100011 00100000 00000000  (L1029)
00345 000D14  0C300000  00001100 00110000 00000000 00000000  (L1030)
00346 000D18  8C30FFFF  10001100 00110000 11111111 11111111  (L1031)
00347 000D1C  8D300000  10001101 00110000 00000000 00000000  (L1032)
00348 000D20  07232000  00000111 00100011 00100000 00000000  (L1033)
00349 000D24  53720000  01010011 01110010 00000000 00000000  (L1034)
;
; [.LBB9_34:]
0034A 000D28  52920000  01010010 10010010 00000000 00000000  (L1037)
0034B 000D2C  0C300000  00001100 00110000 00000000 00000000  (L1038)
0034C 000D30  8C30FF00  10001100 00110000 11111111 00000000  (L1039)
0034D 000D34  8D3000FF  10001101 00110000 00000000 11111111  (L1040)
0034E 000D38  07232000  00000111 00100011 00100000 00000000  (L1041)
0034F 000D3C  82C06000  10000010 11000000 01100000 00000000  (L1042)
00350 000D40  52630000  01010010 01100011 00000000 00000000  (L1043)
00351 000D44  0C400010  00001100 01000000 00000000 00010000  (L1044)
00352 000D48  0A343000  00001010 00110100 00110000 00000000  (L1045)
00353 000D4C  0C400000  00001100 01000000 00000000 00000000  (L1046)
00354 000D50  8C4000FF  10001100 01000000 00000000 11111111  (L1047)
00355 000D54  8D400000  10001101 01000000 00000000 00000000  (L1048)
00356 000D58  02343000  00000010 00110100 00110000 00000000  (L1049)
00357 000D5C  07343000  00000111 00110100 00110000 00000000  (L1050)
00358 000D60  06232000  00000110 00100011 00100000 00000000  (L1051)
00359 000D64  06222000  00000110 00100010 00100000 00000000  (L1052)
0035A 000D68  062B2000  00000110 00101011 00100000 00000000  (L1053)
0035B 000D6C  06222000  00000110 00100010 00100000 00000000  (L1054)
0035C 000D70  53920000  01010011 10010010 00000000 00000000  (L1055)
0035D 000D74  52720000  01010010 01110010 00000000 00000000  (L1056)
0035E 000D78  0C300000  00001100 00110000 00000000 00000000  (L1057)
0035F 000D7C  8C30C000  10001100 00110000 11000000 00000000  (L1058)
00360 000D80  8D300000  10001101 00110000 00000000 00000000  (L1059)
00361 000D84  02234000  00000010 00100011 01000000 00000000  (L1060)
00362 000D88  53140004  01010011 00010100 00000000 00000100  (L1061)
00363 000D8C  52130000  01010010 00010011 00000000 00000000  (L1062)
00364 000D90  03433000  00000011 01000011 00110000 00000000  (L1063)
00365 000D94  53130008  01010011 00010011 00000000 00001000  (L1064)
00366 000D98  52150000  01010010 00010101 00000000 00000000  (L1065)
00367 000D9C  0C900000  00001100 10010000 00000000 00000000  (L1066)
00368 000DA0  82903000  10000010 10010000 00110000 00000000  (L1067)
00369 000DA4  52E8FFEC  01010010 11101000 11111111 11101100  (L1068)
0036A 000DA8  03540000  00000011 01010100 00000000 00000000  (L1069)
0036B 000DAC  8CF0FFF0  10001100 11110000 11111111 11110000  (L1070)
0036C 000DB0  8DF00E04  10001101 11110000 00001110 00000100  (L1071)
0036D 000DB4  0F5F0000  00001111 01011111 00000000 00000000  (L1072)
0036E 000DB8  0C300000  00001100 00110000 00000000 00000000  (L1075)
0036F 000DBC  8C30E000  10001100 00110000 11100000 00000000  (L1076)
00370 000DC0  8D300004  10001101 00110000 00000000 00000100  (L1077)
00371 000DC4  02833000  00000010 10000011 00110000 00000000  (L1078)
00372 000DC8  52110000  01010010 00010001 00000000 00000000  (L1079)
00373 000DCC  0C400003  00001100 01000000 00000000 00000011  (L1080)
00374 000DD0  53340000  01010011 00110100 00000000 00000000  (L1081)
00375 000DD4  0C300000  00001100 00110000 00000000 00000000  (L1082)
00376 000DD8  8C30C000  10001100 00110000 11000000 00000000  (L1083)
00377 000DDC  8D30FFFF  10001101 00110000 11111111 11111111  (L1084)
00378 000DE0  02232000  00000010 00100011 00100000 00000000  (L1085)
00379 000DE4  0C300000  00001100 00110000 00000000 00000000  (L1086)
0037A 000DE8  8C30FFFF  10001100 00110000 11111111 11111111  (L1087)
0037B 000DEC  8D300000  10001101 00110000 00000000 00000000  (L1088)
0037C 000DF0  07232000  00000111 00100011 00100000 00000000  (L1089)
0037D 000DF4  0C300010  00001100 00110000 00000000 00010000  (L1090)
0037E 000DF8  09131000  00001001 00010011 00010000 00000000  (L1091)
0037F 000DFC  06121000  00000110 00010010 00010000 00000000  (L1092)
00380 000E00  06113000  00000110 00010001 00110000 00000000  (L1093)
;
; [.LBB9_36:]
00381 000E04  0C100000  00001100 00010000 00000000 00000000  (L1096)
00382 000E08  8C10E000  10001100 00010000 11100000 00000000  (L1097)
00383 000E0C  8D100018  10001101 00010000 00000000 00011000  (L1098)
00384 000E10  02811000  00000010 10000001 00010000 00000000  (L1099)
00385 000E14  53130000  01010011 00010011 00000000 00000000  (L1100)
00386 000E18  0C400001  00001100 01000000 00000000 00000001  (L1101)
00387 000E1C  82401000  10000010 01000000 00010000 00000000  (L1102)
00388 000E20  0CB00000  00001100 10110000 00000000 00000000  (L1103)
00389 000E24  8CB00400  10001100 10110000 00000100 00000000  (L1104)
0038A 000E28  8DB004AC  10001101 10110000 00000100 10101100  (L1105)
0038B 000E2C  03A90000  00000011 10101001 00000000 00000000  (L1106)
0038C 000E30  8CF0FFF0  10001100 11110000 11111111 11110000  (L1107)
0038D 000E34  8DF00E40  10001101 11110000 00001110 01000000  (L1108)
0038E 000E38  0F2F0000  00001111 00101111 00000000 00000000  (L1109)
0038F 000E3C  82901000  10000010 10010000 00010000 00000000  (L1112)
;
; [.LBB9_38:]
00390 000E40  82402000  10000010 01000000 00100000 00000000  (L1115)
00391 000E44  52E5FFFC  01010010 11100101 11111111 11111100  (L1116)
00392 000E48  0C800000  00001100 10000000 00000000 00000000  (L1117)
00393 000E4C  8C80C000  10001100 10000000 11000000 00000000  (L1118)
00394 000E50  8D800000  10001101 10000000 00000000 00000000  (L1119)
00395 000E54  03D90000  00000011 11011001 00000000 00000000  (L1120)
00396 000E58  8CF0FFF0  10001100 11110000 11111111 11110000  (L1121)
00397 000E5C  8DF00E68  10001101 11110000 00001110 01101000  (L1122)
00398 000E60  0F1F0000  00001111 00011111 00000000 00000000  (L1123)
00399 000E64  82902000  10000010 10010000 00100000 00000000  (L1126)
;
; [.LBB9_40:]
0039A 000E68  06211000  00000110 00100001 00010000 00000000  (L1129)
0039B 000E6C  06111000  00000110 00010001 00010000 00000000  (L1130)
0039C 000E70  0CA00000  00001100 10100000 00000000 00000000  (L1131)
0039D 000E74  8CA00400  10001100 10100000 00000100 00000000  (L1132)
0039E 000E78  8DA000F8  10001101 10100000 00000000 11111000  (L1133)
0039F 000E7C  03140000  00000011 00010100 00000000 00000000  (L1134)
003A0 000E80  8CF0FFF0  10001100 11110000 11111111 11110000  (L1135)
003A1 000E84  8DF00F48  10001101 11110000 00001111 01001000  (L1136)
003A2 000E88  0F1F0000  00001111 00011111 00000000 00000000  (L1137)
003A3 000E8C  0DD01000  00001101 11010000 00010000 00000000  (L1140)
003A4 000E90  52E3FFE8  01010010 11100011 11111111 11101000  (L1141)
003A5 000E94  82301000  10000010 00110000 00010000 00000000  (L1142)
003A6 000E98  0D100001  00001101 00010000 00000000 00000001  (L1143)
003A7 000E9C  0C200007  00001100 00100000 00000000 00000111  (L1144)
003A8 000EA0  03320000  00000011 00110010 00000000 00000000  (L1145)
003A9 000EA4  8CF0FFF0  10001100 11110000 11111111 11110000  (L1146)
003AA 000EA8  8DF00B2C  10001101 11110000 00001011 00101100  (L1147)
003AB 000EAC  0F4F0000  00001111 01001111 00000000 00000000  (L1148)
003AC 000EB0  8CF0FFF0  10001100 11110000 11111111 11110000  (L1149)
003AD 000EB4  8DF00F48  10001101 11110000 00001111 01001000  (L1150)
003AE 000EB8  0E0F0000  00001110 00001111 00000000 00000000  (L1151)
;
; [.LBB9_11:]
003AF 000EBC  0CA00000  00001100 10100000 00000000 00000000  (L1154)
003B0 000EC0  8CA00400  10001100 10100000 00000100 00000000  (L1155)
003B1 000EC4  8DA000F8  10001101 10100000 00000000 11111000  (L1156)
003B2 000EC8  0C800000  00001100 10000000 00000000 00000000  (L1157)
003B3 000ECC  8C80C000  10001100 10000000 11000000 00000000  (L1158)
003B4 000ED0  8D800000  10001101 10000000 00000000 00000000  (L1159)
003B5 000ED4  0CB00000  00001100 10110000 00000000 00000000  (L1160)
003B6 000ED8  8CB00400  10001100 10110000 00000100 00000000  (L1161)
003B7 000EDC  8DB004AC  10001101 10110000 00000100 10101100  (L1162)
003B8 000EE0  03290000  00000011 00101001 00000000 00000000  (L1163)
003B9 000EE4  8CF0FFF0  10001100 11110000 11111111 11110000  (L1164)
003BA 000EE8  8DF00F8C  10001101 11110000 00001111 10001100  (L1165)
003BB 000EEC  0F0F0000  00001111 00001111 00000000 00000000  (L1166)
003BC 000EF0  8CF0FFF0  10001100 11110000 11111111 11110000  (L1167)
003BD 000EF4  8DF00F48  10001101 11110000 00001111 01001000  (L1168)
003BE 000EF8  0E0F0000  00001110 00001111 00000000 00000000  (L1169)
;
; [.LBB9_4:]
003BF 000EFC  82401000  10000010 01000000 00010000 00000000  (L1172)
003C0 000F00  03590000  00000011 01011001 00000000 00000000  (L1173)
003C1 000F04  8CF0FFF0  10001100 11110000 11111111 11110000  (L1174)
003C2 000F08  8DF00F14  10001101 11110000 00001111 00010100  (L1175)
003C3 000F0C  0F1F0000  00001111 00011111 00000000 00000000  (L1176)
003C4 000F10  82901000  10000010 10010000 00010000 00000000  (L1179)
;
; [.LBB9_6:]
003C5 000F14  82402000  10000010 01000000 00100000 00000000  (L1182)
003C6 000F18  52E3FFF4  01010010 11100011 11111111 11110100  (L1183)
003C7 000F1C  03390000  00000011 00111001 00000000 00000000  (L1184)
003C8 000F20  8CF0FFF0  10001100 11110000 11111111 11110000  (L1185)
003C9 000F24  8DF00F30  10001101 11110000 00001111 00110000  (L1186)
003CA 000F28  0F0F0000  00001111 00001111 00000000 00000000  (L1187)
003CB 000F2C  82902000  10000010 10010000 00100000 00000000  (L1190)
;
; [.LBB9_8:]
003CC 000F30  07121000  00000111 00010010 00010000 00000000  (L1193)
003CD 000F34  07141000  00000111 00010100 00010000 00000000  (L1194)
003CE 000F38  03190000  00000011 00011001 00000000 00000000  (L1195)
003CF 000F3C  8CF0FFF0  10001100 11110000 11111111 11110000  (L1196)
003D0 000F40  8DF011EC  10001101 11110000 00010001 11101100  (L1197)
003D1 000F44  0F1F0000  00001111 00011111 00000000 00000000  (L1198)
;
; [.LBB9_42:]
003D2 000F48  52E2FFF4  01010010 11100010 11111111 11110100  (L1201)
003D3 000F4C  0D200001  00001101 00100000 00000000 00000001  (L1202)
003D4 000F50  0C100020  00001100 00010000 00000000 00100000  (L1203)
003D5 000F54  53E2FFF4  01010011 11100010 11111111 11110100  (L1204)
003D6 000F58  03210000  00000011 00100001 00000000 00000000  (L1205)
003D7 000F5C  8CF0FFF0  10001100 11110000 11111111 11110000  (L1206)
003D8 000F60  8DF011EC  10001101 11110000 00010001 11101100  (L1207)
003D9 000F64  0F0F0000  00001111 00001111 00000000 00000000  (L1208)
003DA 000F68  52E1FFF0  01010010 11100001 11111111 11110000  (L1211)
003DB 000F6C  0C200000  00001100 00100000 00000000 00000000  (L1212)
003DC 000F70  8C200001  10001100 00100000 00000000 00000001  (L1213)
003DD 000F74  8D208000  10001101 00100000 10000000 00000000  (L1214)
003DE 000F78  02121000  00000010 00010010 00010000 00000000  (L1215)
003DF 000F7C  53E1FFF0  01010011 11100001 11111111 11110000  (L1216)
003E0 000F80  8CF0FFF0  10001100 11110000 11111111 11110000  (L1217)
003E1 000F84  8DF00B24  10001101 11110000 00001011 00100100  (L1218)
003E2 000F88  0E0F0000  00001110 00001111 00000000 00000000  (L1219)
;
; [.LBB9_12:]
003E3 000F8C  0C200000  00001100 00100000 00000000 00000000  (L1221)
003E4 000F90  8C20E000  10001100 00100000 11100000 00000000  (L1222)
003E5 000F94  8D200010  10001101 00100000 00000000 00010000  (L1223)
003E6 000F98  82C08000  10000010 11000000 10000000 00000000  (L1224)
003E7 000F9C  02826000  00000010 10000010 01100000 00000000  (L1225)
003E8 000FA0  0C300000  00001100 00110000 00000000 00000000  (L1226)
003E9 000FA4  8C300000  10001100 00110000 00000000 00000000  (L1227)
003EA 000FA8  8D30FFFF  10001101 00110000 11111111 11111111  (L1228)
003EB 000FAC  53630000  01010011 01100011 00000000 00000000  (L1229)
003EC 000FB0  52640000  01010010 01100100 00000000 00000000  (L1230)
003ED 000FB4  0C200000  00001100 00100000 00000000 00000000  (L1231)
003EE 000FB8  03420000  00000011 01000010 00000000 00000000  (L1232)
003EF 000FBC  8CF0FFF0  10001100 11110000 11111111 11110000  (L1233)
003F0 000FC0  8DF0101C  10001101 11110000 00010000 00011100  (L1234)
003F1 000FC4  0F0F0000  00001111 00001111 00000000 00000000  (L1235)
003F2 000FC8  0C501000  00001100 01010000 00010000 00000000  (L1237)
003F3 000FCC  52770000  01010010 01110111 00000000 00000000  (L1238)
003F4 000FD0  0C800000  00001100 10000000 00000000 00000000  (L1239)
003F5 000FD4  8C80C000  10001100 10000000 11000000 00000000  (L1240)
003F6 000FD8  8D800000  10001101 10000000 00000000 00000000  (L1241)
003F7 000FDC  02787000  00000010 01111000 01110000 00000000  (L1242)
003F8 000FE0  53670000  01010011 01100111 00000000 00000000  (L1243)
003F9 000FE4  03540000  00000011 01010100 00000000 00000000  (L1244)
003FA 000FE8  8CF0FFF0  10001100 11110000 11111111 11110000  (L1245)
003FB 000FEC  8DF01008  10001101 11110000 00010000 00001000  (L1246)
003FC 000FF0  0F5F0000  00001111 01011111 00000000 00000000  (L1247)
003FD 000FF4  0D400FFF  00001101 01000000 00001111 11111111  (L1249)
003FE 000FF8  0C500000  00001100 01010000 00000000 00000000  (L1250)
003FF 000FFC  8C500000  10001100 01010000 00000000 00000000  (L1251)
00400 001000  8D50F000  10001101 01010000 11110000 00000000  (L1252)
00401 001004  07455000  00000111 01000101 01010000 00000000  (L1253)
;
; [.LBB9_15:]
00402 001008  52E7FFF8  01010010 11100111 11111111 11111000  (L1255)
00403 00100C  52740000  01010010 01110100 00000000 00000000  (L1256)
00404 001010  02454000  00000010 01000101 01000000 00000000  (L1257)
00405 001014  53740000  01010011 01110100 00000000 00000000  (L1258)
00406 001018  82C08000  10000010 11000000 10000000 00000000  (L1259)
;
; [.LBB9_16:]
00407 00101C  0C400000  00001100 01000000 00000000 00000000  (L1261)
00408 001020  8C40E000  10001100 01000000 11100000 00000000  (L1262)
00409 001024  8D400014  10001101 01000000 00000000 00010100  (L1263)
0040A 001028  02844000  00000010 10000100 01000000 00000000  (L1264)
0040B 00102C  53430000  01010011 01000011 00000000 00000000  (L1265)
0040C 001030  52430000  01010010 01000011 00000000 00000000  (L1266)
0040D 001034  03320000  00000011 00110010 00000000 00000000  (L1267)
0040E 001038  8CF0FFF0  10001100 11110000 11111111 11110000  (L1268)
0040F 00103C  8DF01090  10001101 11110000 00010000 10010000  (L1269)
00410 001040  0F0F0000  00001111 00001111 00000000 00000000  (L1270)
00411 001044  52750000  01010010 01110101 00000000 00000000  (L1272)
00412 001048  0C600000  00001100 01100000 00000000 00000000  (L1273)
00413 00104C  8C60C000  10001100 01100000 11000000 00000000  (L1274)
00414 001050  8D600000  10001101 01100000 00000000 00000000  (L1275)
00415 001054  02565000  00000010 01010110 01010000 00000000  (L1276)
00416 001058  53450000  01010011 01000101 00000000 00000000  (L1277)
00417 00105C  0C401000  00001100 01000000 00010000 00000000  (L1278)
00418 001060  03430000  00000011 01000011 00000000 00000000  (L1279)
00419 001064  8CF0FFF0  10001100 11110000 11111111 11110000  (L1280)
0041A 001068  8DF01084  10001101 11110000 00010000 10000100  (L1281)
0041B 00106C  0F5F0000  00001111 01011111 00000000 00000000  (L1282)
0041C 001070  0D300FFF  00001101 00110000 00001111 11111111  (L1284)
0041D 001074  0C400000  00001100 01000000 00000000 00000000  (L1285)
0041E 001078  8C400000  10001100 01000000 00000000 00000000  (L1286)
0041F 00107C  8D40F000  10001101 01000000 11110000 00000000  (L1287)
00420 001080  07344000  00000111 00110100 01000000 00000000  (L1288)
;
; [.LBB9_19:]
00421 001084  52730000  01010010 01110011 00000000 00000000  (L1290)
00422 001088  02343000  00000010 00110100 00110000 00000000  (L1291)
00423 00108C  53730000  01010011 01110011 00000000 00000000  (L1292)
;
; [.LBB9_20:]
00424 001090  0C300000  00001100 00110000 00000000 00000000  (L1294)
00425 001094  8C30E000  10001100 00110000 11100000 00000000  (L1295)
00426 001098  8D300018  10001101 00110000 00000000 00011000  (L1296)
00427 00109C  02835000  00000010 10000011 01010000 00000000  (L1297)
00428 0010A0  0C300000  00001100 00110000 00000000 00000000  (L1298)
00429 0010A4  8C300000  10001100 00110000 00000000 00000000  (L1299)
0042A 0010A8  8D30FFFF  10001101 00110000 11111111 11111111  (L1300)
0042B 0010AC  53530000  01010011 01010011 00000000 00000000  (L1301)
0042C 0010B0  52540000  01010010 01010100 00000000 00000000  (L1302)
0042D 0010B4  03420000  00000011 01000010 00000000 00000000  (L1303)
0042E 0010B8  8CF0FFF0  10001100 11110000 11111111 11110000  (L1304)
0042F 0010BC  8DF01114  10001101 11110000 00010001 00010100  (L1305)
00430 0010C0  0F0F0000  00001111 00001111 00000000 00000000  (L1306)
00431 0010C4  52760000  01010010 01110110 00000000 00000000  (L1308)
00432 0010C8  0C700000  00001100 01110000 00000000 00000000  (L1309)
00433 0010CC  8C70C000  10001100 01110000 11000000 00000000  (L1310)
00434 0010D0  8D700000  10001101 01110000 00000000 00000000  (L1311)
00435 0010D4  02676000  00000010 01100111 01100000 00000000  (L1312)
00436 0010D8  53560000  01010011 01010110 00000000 00000000  (L1313)
00437 0010DC  0C501000  00001100 01010000 00010000 00000000  (L1314)
00438 0010E0  03540000  00000011 01010100 00000000 00000000  (L1315)
00439 0010E4  8CF0FFF0  10001100 11110000 11111111 11110000  (L1316)
0043A 0010E8  8DF01104  10001101 11110000 00010001 00000100  (L1317)
0043B 0010EC  0F5F0000  00001111 01011111 00000000 00000000  (L1318)
0043C 0010F0  0D400FFF  00001101 01000000 00001111 11111111  (L1320)
0043D 0010F4  0C500000  00001100 01010000 00000000 00000000  (L1321)
0043E 0010F8  8C500000  10001100 01010000 00000000 00000000  (L1322)
0043F 0010FC  8D50F000  10001101 01010000 11110000 00000000  (L1323)
00440 001100  07455000  00000111 01000101 01010000 00000000  (L1324)
;
; [.LBB9_23:]
00441 001104  52E7FFF8  01010010 11100111 11111111 11111000  (L1326)
00442 001108  52740000  01010010 01110100 00000000 00000000  (L1327)
00443 00110C  02454000  00000010 01000101 01000000 00000000  (L1328)
00444 001110  53740000  01010011 01110100 00000000 00000000  (L1329)
;
; [.LBB9_24:]
00445 001114  0C400000  00001100 01000000 00000000 00000000  (L1331)
00446 001118  8C40E000  10001100 01000000 11100000 00000000  (L1332)
00447 00111C  8D40001C  10001101 01000000 00000000 00011100  (L1333)
00448 001120  02844000  00000010 10000100 01000000 00000000  (L1334)
00449 001124  53430000  01010011 01000011 00000000 00000000  (L1335)
0044A 001128  52430000  01010010 01000011 00000000 00000000  (L1336)
0044B 00112C  03320000  00000011 00110010 00000000 00000000  (L1337)
0044C 001130  8CF0FFF0  10001100 11110000 11111111 11110000  (L1338)
0044D 001134  8DF0117C  10001101 11110000 00010001 01111100  (L1339)
0044E 001138  0F0F0000  00001111 00001111 00000000 00000000  (L1340)
0044F 00113C  52720000  01010010 01110010 00000000 00000000  (L1342)
00450 001140  0C500000  00001100 01010000 00000000 00000000  (L1343)
00451 001144  8C50C000  10001100 01010000 11000000 00000000  (L1344)
00452 001148  8D500000  10001101 01010000 00000000 00000000  (L1345)
00453 00114C  02252000  00000010 00100101 00100000 00000000  (L1346)
00454 001150  53420000  01010011 01000010 00000000 00000000  (L1347)
00455 001154  0C201001  00001100 00100000 00010000 00000001  (L1348)
00456 001158  03320000  00000011 00110010 00000000 00000000  (L1349)
00457 00115C  8CF0FFF0  10001100 11110000 11111111 11110000  (L1350)
00458 001160  8DF0118C  10001101 11110000 00010001 10001100  (L1351)
00459 001164  0F5F0000  00001111 01011111 00000000 00000000  (L1352)
0045A 001168  52720000  01010010 01110010 00000000 00000000  (L1354)
0045B 00116C  0D201000  00001101 00100000 00010000 00000000  (L1355)
0045C 001170  8CF0FFF0  10001100 11110000 11111111 11110000  (L1356)
0045D 001174  8DF011A8  10001101 11110000 00010001 10101000  (L1357)
0045E 001178  0E0F0000  00001110 00001111 00000000 00000000  (L1358)
;
; [.LBB9_25:]
0045F 00117C  52720000  01010010 01110010 00000000 00000000  (L1360)
00460 001180  8CF0FFF0  10001100 11110000 11111111 11110000  (L1361)
00461 001184  8DF011AC  10001101 11110000 00010001 10101100  (L1362)
00462 001188  0E0F0000  00001110 00001111 00000000 00000000  (L1363)
;
; [.LBB9_27:]
00463 00118C  0D300FFF  00001101 00110000 00001111 11111111  (L1365)
00464 001190  0C200000  00001100 00100000 00000000 00000000  (L1366)
00465 001194  8C200000  10001100 00100000 00000000 00000000  (L1367)
00466 001198  8D20F000  10001101 00100000 11110000 00000000  (L1368)
00467 00119C  07322000  00000111 00110010 00100000 00000000  (L1369)
00468 0011A0  52730000  01010010 01110011 00000000 00000000  (L1370)
00469 0011A4  02322000  00000010 00110010 00100000 00000000  (L1371)
;
; [.LBB9_29:]
0046A 0011A8  53720000  01010011 01110010 00000000 00000000  (L1373)
;
; [.LBB9_30:]
0046B 0011AC  52130000  01010010 00010011 00000000 00000000  (L1375)
0046C 0011B0  03232000  00000011 00100011 00100000 00000000  (L1376)
0046D 0011B4  0C300000  00001100 00110000 00000000 00000000  (L1377)
0046E 0011B8  8C30C000  10001100 00110000 11000000 00000000  (L1378)
0046F 0011BC  8D300000  10001101 00110000 00000000 00000000  (L1379)
00470 0011C0  02232000  00000010 00100011 00100000 00000000  (L1380)
00471 0011C4  53120008  01010011 00010010 00000000 00001000  (L1381)
00472 0011C8  52720000  01010010 01110010 00000000 00000000  (L1382)
00473 0011CC  02232000  00000010 00100011 00100000 00000000  (L1383)
00474 0011D0  53120004  01010011 00010010 00000000 00000100  (L1384)
00475 0011D4  0C100000  00001100 00010000 00000000 00000000  (L1385)
00476 0011D8  8C100400  10001100 00010000 00000100 00000000  (L1386)
00477 0011DC  8D1004AC  10001101 00010000 00000100 10101100  (L1387)
00478 0011E0  52120000  01010010 00010010 00000000 00000000  (L1388)
00479 0011E4  0D200001  00001101 00100000 00000000 00000001  (L1389)
0047A 0011E8  53120000  01010011 00010010 00000000 00000000  (L1390)
;
; [.LBB9_31:]
0047B 0011EC  52EDFFD0  01010010 11101101 11111111 11010000  (L1392)
0047C 0011F0  52ECFFD4  01010010 11101100 11111111 11010100  (L1393)
0047D 0011F4  52EBFFD8  01010010 11101011 11111111 11011000  (L1394)
0047E 0011F8  52EAFFDC  01010010 11101010 11111111 11011100  (L1395)
0047F 0011FC  52E9FFE0  01010010 11101001 11111111 11100000  (L1396)
00480 001200  52E8FFE4  01010010 11101000 11111111 11100100  (L1397)
00481 001204  8DE0FFCC  10001101 11100000 11111111 11001100  (L1398)
00482 001208  11000000  00010001 00000000 00000000 00000000  (L1399)
;
; [PCIe_Bus_Enumeration:]
00483 00120C  8DE0000C  10001101 11100000 00000000 00001100  (L1407)
00484 001210  02E03000  00000010 11100000 00110000 00000000  (L1408)
00485 001214  82302000  10000010 00110000 00100000 00000000  (L1409)
00486 001218  8D20FFF8  10001101 00100000 11111111 11111000  (L1410)
00487 00121C  0C100001  00001100 00010000 00000000 00000001  (L1411)
00488 001220  53210000  01010011 00100001 00000000 00000000  (L1412)
00489 001224  8D30FFFC  10001101 00110000 11111111 11111100  (L1413)
0048A 001228  0C100000  00001100 00010000 00000000 00000000  (L1414)
0048B 00122C  53310000  01010011 00110001 00000000 00000000  (L1415)
0048C 001230  8CF0FFF0  10001100 11110000 11111111 11110000  (L1416)
0048D 001234  8DF00AA4  10001101 11110000 00001010 10100100  (L1417)
0048E 001238  100F0000  00010000 00001111 00000000 00000000  (L1418)
0048F 00123C  8DE0FFF4  10001101 11100000 11111111 11110100  (L1419)
00490 001240  11000000  00010001 00000000 00000000 00000000  (L1420)
;
; [search:]
00491 001244  8DE00004  10001101 11100000 00000000 00000100  (L1428)
00492 001248  82102000  10000010 00010000 00100000 00000000  (L1429)
00493 00124C  0C100000  00001100 00010000 00000000 00000000  (L1430)
00494 001250  8C100400  10001100 00010000 00000100 00000000  (L1431)
00495 001254  8D1004AC  10001101 00010000 00000100 10101100  (L1432)
00496 001258  52130000  01010010 00010011 00000000 00000000  (L1433)
00497 00125C  0C100001  00001100 00010000 00000000 00000001  (L1434)
00498 001260  03310000  00000011 00110001 00000000 00000000  (L1435)
00499 001264  8CF0FFF0  10001100 11110000 11111111 11110000  (L1436)
0049A 001268  8DF012C4  10001101 11110000 00010010 11000100  (L1437)
0049B 00126C  0F2F0000  00001111 00101111 00000000 00000000  (L1438)
0049C 001270  0C100000  00001100 00010000 00000000 00000000  (L1440)
0049D 001274  0C400000  00001100 01000000 00000000 00000000  (L1441)
0049E 001278  8C400400  10001100 01000000 00000100 00000000  (L1442)
0049F 00127C  8D4000F8  10001101 01000000 00000000 11111000  (L1443)
004A0 001280  52440000  01010010 01000100 00000000 00000000  (L1444)
004A1 001284  0D40000C  00001101 01000000 00000000 00001100  (L1445)
004A2 001288  0C500000  00001100 01010000 00000000 00000000  (L1446)
004A3 00128C  8C500100  10001100 01010000 00000001 00000000  (L1447)
004A4 001290  8D50FFFF  10001101 01010000 11111111 11111111  (L1448)
;
; [.LBB11_2:]
004A5 001294  52460000  01010010 01000110 00000000 00000000  (L1451)
004A6 001298  07656000  00000111 01100101 01100000 00000000  (L1452)
004A7 00129C  03620000  00000011 01100010 00000000 00000000  (L1453)
004A8 0012A0  8CF0FFF0  10001100 11110000 11111111 11110000  (L1454)
004A9 0012A4  8DF012D0  10001101 11110000 00010010 11010000  (L1455)
004AA 0012A8  0F0F0000  00001111 00001111 00000000 00000000  (L1456)
004AB 0012AC  0D400014  00001101 01000000 00000000 00010100  (L1459)
004AC 0012B0  0D100001  00001101 00010000 00000000 00000001  (L1460)
004AD 0012B4  03310000  00000011 00110001 00000000 00000000  (L1461)
004AE 0012B8  8CF0FFF0  10001100 11110000 11111111 11110000  (L1462)
004AF 0012BC  8DF01294  10001101 11110000 00010010 10010100  (L1463)
004B0 0012C0  0F1F0000  00001111 00011111 00000000 00000000  (L1464)
;
; [.LBB11_4:]
004B1 0012C4  0C100000  00001100 00010000 00000000 00000000  (L1466)
004B2 0012C8  8C100000  10001100 00010000 00000000 00000000  (L1467)
004B3 0012CC  8D10FFFF  10001101 00010000 11111111 11111111  (L1468)
;
; [.LBB11_5:]
004B4 0012D0  8DE0FFFC  10001101 11100000 11111111 11111100  (L1470)
004B5 0012D4  11000000  00010001 00000000 00000000 00000000  (L1471)
;
; [mainHandler:]
004B6 0012D8  8DE00010  10001101 11100000 00000000 00010000  (L1479)
004B7 0012DC  53E8FFFC  01010011 11101000 11111111 11111100  (L1480)
004B8 0012E0  53E9FFF8  01010011 11101001 11111111 11111000  (L1481)
004B9 0012E4  53EAFFF4  01010011 11101010 11111111 11110100  (L1482)
004BA 0012E8  14130000  00010100 00010011 00000000 00000000  (L1484)
004BB 0012EC  14880000  00010100 10001000 00000000 00000000  (L1487)
004BC 0012F0  0C200008  00001100 00100000 00000000 00001000  (L1489)
004BD 0012F4  07825000  00000111 10000010 01010000 00000000  (L1490)
004BE 0012F8  149A0000  00010100 10011010 00000000 00000000  (L1492)
004BF 0012FC  14A90000  00010100 10101001 00000000 00000000  (L1495)
004C0 001300  14740000  00010100 01110100 00000000 00000000  (L1498)
004C1 001304  0C200000  00001100 00100000 00000000 00000000  (L1500)
004C2 001308  03520000  00000011 01010010 00000000 00000000  (L1501)
004C3 00130C  8CF0FFF0  10001100 11110000 11111111 11110000  (L1502)
004C4 001310  8DF01328  10001101 11110000 00010011 00101000  (L1503)
004C5 001314  0F0F0000  00001111 00001111 00000000 00000000  (L1504)
004C6 001318  0C500004  00001100 01010000 00000000 00000100  (L1506)
004C7 00131C  06855000  00000110 10000101 01010000 00000000  (L1507)
004C8 001320  06555000  00000110 01010101 01010000 00000000  (L1508)
004C9 001324  15580000  00010101 01011000 00000000 00000000  (L1510)
;
; [.LBB12_2:]
004CA 001328  03420000  00000011 01000010 00000000 00000000  (L1513)
004CB 00132C  8CF0FFF0  10001100 11110000 11111111 11110000  (L1514)
004CC 001330  8DF01390  10001101 11110000 00010011 10010000  (L1515)
004CD 001334  0F0F0000  00001111 00001111 00000000 00000000  (L1516)
004CE 001338  0C10007F  00001100 00010000 00000000 01111111  (L1518)
004CF 00133C  03140000  00000011 00010100 00000000 00000000  (L1519)
004D0 001340  8CF0FFF0  10001100 11110000 11111111 11110000  (L1520)
004D1 001344  8DF013A4  10001101 11110000 00010011 10100100  (L1521)
004D2 001348  0F4F0000  00001111 01001111 00000000 00000000  (L1522)
004D3 00134C  0C100002  00001100 00010000 00000000 00000010  (L1524)
004D4 001350  0A411000  00001010 01000001 00010000 00000000  (L1525)
004D5 001354  0C400000  00001100 01000000 00000000 00000000  (L1526)
004D6 001358  8C400400  10001100 01000000 00000100 00000000  (L1527)
004D7 00135C  8D4002A8  10001101 01000000 00000010 10101000  (L1528)
004D8 001360  02141000  00000010 00010100 00010000 00000000  (L1529)
004D9 001364  52140000  01010010 00010100 00000000 00000000  (L1530)
004DA 001368  03420000  00000011 01000010 00000000 00000000  (L1531)
004DB 00136C  8CF0FFF0  10001100 11110000 11111111 11110000  (L1532)
004DC 001370  8DF013A4  10001101 11110000 00010011 10100100  (L1533)
004DD 001374  0F0F0000  00001111 00001111 00000000 00000000  (L1534)
004DE 001378  82801000  10000010 10000000 00010000 00000000  (L1536)
004DF 00137C  82302000  10000010 00110000 00100000 00000000  (L1537)
004E0 001380  10040000  00010000 00000100 00000000 00000000  (L1538)
004E1 001384  8CF0FFF0  10001100 11110000 11111111 11110000  (L1539)
004E2 001388  8DF013A0  10001101 11110000 00010011 10100000  (L1540)
004E3 00138C  0E0F0000  00001110 00001111 00000000 00000000  (L1541)
;
; [.LBB12_6:]
004E4 001390  82802000  10000010 10000000 00100000 00000000  (L1543)
004E5 001394  8CF0FFF0  10001100 11110000 11111111 11110000  (L1544)
004E6 001398  8DF0188C  10001101 11110000 00011000 10001100  (L1545)
004E7 00139C  100F0000  00010000 00001111 00000000 00000000  (L1546)
;
; [.LBB12_7:]
004E8 0013A0  82103000  10000010 00010000 00110000 00000000  (L1548)
;
; [.LBB12_8:]
004E9 0013A4  0C100000  00001100 00010000 00000000 00000000  (L1550)
004EA 0013A8  8C100000  10001100 00010000 00000000 00000000  (L1551)
004EB 0013AC  8D10FFFB  10001101 00010000 11111111 11111011  (L1552)
004EC 0013B0  07811000  00000111 10000001 00010000 00000000  (L1553)
004ED 0013B4  15180000  00010101 00011000 00000000 00000000  (L1555)
004EE 0013B8  15310000  00010101 00110001 00000000 00000000  (L1558)
004EF 0013BC  15A90000  00010101 10101001 00000000 00000000  (L1561)
004F0 0013C0  159A0000  00010101 10011010 00000000 00000000  (L1564)
004F1 0013C4  0C100000  00001100 00010000 00000000 00000000  (L1566)
004F2 0013C8  8C100400  10001100 00010000 00000100 00000000  (L1567)
004F3 0013CC  8D100034  10001101 00010000 00000000 00110100  (L1568)
004F4 0013D0  52110000  01010010 00010001 00000000 00000000  (L1569)
004F5 0013D4  0C200001  00001100 00100000 00000000 00000001  (L1570)
004F6 0013D8  53120010  01010011 00010010 00000000 00010000  (L1571)
004F7 0013DC  52EAFFF4  01010010 11101010 11111111 11110100  (L1572)
004F8 0013E0  52E9FFF8  01010010 11101001 11111111 11111000  (L1573)
004F9 0013E4  52E8FFFC  01010010 11101000 11111111 11111100  (L1574)
004FA 0013E8  8DE0FFF0  10001101 11100000 11111111 11110000  (L1575)
004FB 0013EC  11000000  00010001 00000000 00000000 00000000  (L1576)
;
; [entryHandler:]
004FC 0013F0  8DE00034  10001101 11100000 00000000 00110100  (L1585)
004FD 0013F4  53E1FFCC  01010011 11100001 11111111 11001100  (L1586)
004FE 0013F8  53E2FFD0  01010011 11100010 11111111 11010000  (L1587)
004FF 0013FC  53E3FFD4  01010011 11100011 11111111 11010100  (L1588)
00500 001400  53E4FFD8  01010011 11100100 11111111 11011000  (L1589)
00501 001404  53E5FFDC  01010011 11100101 11111111 11011100  (L1590)
00502 001408  53E6FFE0  01010011 11100110 11111111 11100000  (L1591)
00503 00140C  53E7FFE4  01010011 11100111 11111111 11100100  (L1592)
00504 001410  53E8FFE8  01010011 11101000 11111111 11101000  (L1593)
00505 001414  53E9FFEC  01010011 11101001 11111111 11101100  (L1594)
00506 001418  53EAFFF0  01010011 11101010 11111111 11110000  (L1595)
00507 00141C  53EBFFF4  01010011 11101011 11111111 11110100  (L1596)
00508 001420  53ECFFF8  01010011 11101100 11111111 11111000  (L1597)
00509 001424  53EDFFFC  01010011 11101101 11111111 11111100  (L1598)
0050A 001428  82E01000  10000010 11100000 00010000 00000000  (L1599)
0050B 00142C  8D10FFCC  10001101 00010000 11111111 11001100  (L1600)
0050C 001430  8CF0FFF0  10001100 11110000 11111111 11110000  (L1601)
0050D 001434  8DF012D8  10001101 11110000 00010010 11011000  (L1602)
0050E 001438  100F0000  00010000 00001111 00000000 00000000  (L1603)
0050F 00143C  52E1FFCC  01010010 11100001 11111111 11001100  (L1604)
00510 001440  52E2FFD0  01010010 11100010 11111111 11010000  (L1605)
00511 001444  52E3FFD4  01010010 11100011 11111111 11010100  (L1606)
00512 001448  52E4FFD8  01010010 11100100 11111111 11011000  (L1607)
00513 00144C  52E5FFDC  01010010 11100101 11111111 11011100  (L1608)
00514 001450  52E6FFE0  01010010 11100110 11111111 11100000  (L1609)
00515 001454  52E7FFE4  01010010 11100111 11111111 11100100  (L1610)
00516 001458  52E8FFE8  01010010 11101000 11111111 11101000  (L1611)
00517 00145C  52E9FFEC  01010010 11101001 11111111 11101100  (L1612)
00518 001460  52EAFFF0  01010010 11101010 11111111 11110000  (L1613)
00519 001464  52EBFFF4  01010010 11101011 11111111 11110100  (L1614)
0051A 001468  52ECFFF8  01010010 11101100 11111111 11111000  (L1615)
0051B 00146C  52EDFFFC  01010010 11101101 11111111 11111100  (L1616)
0051C 001470  8DE0FFCC  10001101 11100000 11111111 11001100  (L1617)
0051D 001474  17000000  00010111 00000000 00000000 00000000  (L1618)
;
; [initIRQs:]
0051E 001478  8DE00004  10001101 11100000 00000000 00000100  (L1628)
0051F 00147C  0C100000  00001100 00010000 00000000 00000000  (L1629)
00520 001480  0C200000  00001100 00100000 00000000 00000000  (L1630)
00521 001484  8C200400  10001100 00100000 00000100 00000000  (L1631)
00522 001488  8D2002A8  10001101 00100000 00000010 10101000  (L1632)
00523 00148C  0C300000  00001100 00110000 00000000 00000000  (L1633)
00524 001490  8C30FFF0  10001100 00110000 11111111 11110000  (L1634)
00525 001494  8D3014C0  10001101 00110000 00010100 11000000  (L1635)
00526 001498  0C400200  00001100 01000000 00000010 00000000  (L1636)
;
; [.LBB14_1:]
00527 00149C  02125000  00000010 00010010 01010000 00000000  (L1639)
00528 0014A0  53530000  01010011 01010011 00000000 00000000  (L1640)
00529 0014A4  0D100004  00001101 00010000 00000000 00000100  (L1641)
0052A 0014A8  03140000  00000011 00010100 00000000 00000000  (L1642)
0052B 0014AC  8CF0FFF0  10001100 11110000 11111111 11110000  (L1643)
0052C 0014B0  8DF0149C  10001101 11110000 00010100 10011100  (L1644)
0052D 0014B4  0F1F0000  00001111 00011111 00000000 00000000  (L1645)
0052E 0014B8  8DE0FFFC  10001101 11100000 11111111 11111100  (L1647)
0052F 0014BC  11000000  00010001 00000000 00000000 00000000  (L1648)
;
; [defaultIRQHandler:]
00530 0014C0  8DE00008  10001101 11100000 00000000 00001000  (L1655)
00531 0014C4  53E8FFFC  01010011 11101000 11111111 11111100  (L1656)
00532 0014C8  82208000  10000010 00100000 10000000 00000000  (L1657)
00533 0014CC  8CF0FFF0  10001100 11110000 11111111 11110000  (L1658)
00534 0014D0  8DF01640  10001101 11110000 00010110 01000000  (L1659)
00535 0014D4  100F0000  00010000 00001111 00000000 00000000  (L1660)
00536 0014D8  0C200000  00001100 00100000 00000000 00000000  (L1661)
00537 0014DC  0C100000  00001100 00010000 00000000 00000000  (L1662)
00538 0014E0  8C100400  10001100 00010000 00000100 00000000  (L1663)
00539 0014E4  8D100038  10001101 00010000 00000000 00111000  (L1664)
0053A 0014E8  8CF0FFF0  10001100 11110000 11111111 11110000  (L1665)
0053B 0014EC  8DF007A4  10001101 11110000 00000111 10100100  (L1666)
0053C 0014F0  100F0000  00010000 00001111 00000000 00000000  (L1667)
0053D 0014F4  01000000  00000001 00000000 00000000 00000000  (L1669)
0053E 0014F8  82801000  10000010 10000000 00010000 00000000  (L1671)
0053F 0014FC  52E8FFFC  01010010 11101000 11111111 11111100  (L1672)
00540 001500  8DE0FFF8  10001101 11100000 11111111 11111000  (L1673)
00541 001504  11000000  00010001 00000000 00000000 00000000  (L1674)
;
; [registerIRQHandler:]
00542 001508  8DE00004  10001101 11100000 00000000 00000100  (L1682)
00543 00150C  0C30007F  00001100 00110000 00000000 01111111  (L1683)
00544 001510  03310000  00000011 00110001 00000000 00000000  (L1684)
00545 001514  8CF0FFF0  10001100 11110000 11111111 11110000  (L1685)
00546 001518  8DF01550  10001101 11110000 00010101 01010000  (L1686)
00547 00151C  0F4F0000  00001111 01001111 00000000 00000000  (L1687)
00548 001520  0C300000  00001100 00110000 00000000 00000000  (L1689)
00549 001524  03230000  00000011 00100011 00000000 00000000  (L1690)
0054A 001528  8CF0FFF0  10001100 11110000 11111111 11110000  (L1691)
0054B 00152C  8DF01550  10001101 11110000 00010101 01010000  (L1692)
0054C 001530  0F0F0000  00001111 00001111 00000000 00000000  (L1693)
0054D 001534  0C300002  00001100 00110000 00000000 00000010  (L1695)
0054E 001538  0A131000  00001010 00010011 00010000 00000000  (L1696)
0054F 00153C  0C300000  00001100 00110000 00000000 00000000  (L1697)
00550 001540  8C300400  10001100 00110000 00000100 00000000  (L1698)
00551 001544  8D3002A8  10001101 00110000 00000010 10101000  (L1699)
00552 001548  02131000  00000010 00010011 00010000 00000000  (L1700)
00553 00154C  53120000  01010011 00010010 00000000 00000000  (L1701)
;
; [.LBB16_3:]
00554 001550  8DE0FFFC  10001101 11100000 11111111 11111100  (L1703)
00555 001554  11000000  00010001 00000000 00000000 00000000  (L1704)
;
; [initLAPIC:]
00556 001558  8DE00004  10001101 11100000 00000000 00000100  (L1712)
00557 00155C  0C100000  00001100 00010000 00000000 00000000  (L1713)
00558 001560  8C10FFF0  10001100 00010000 11111111 11110000  (L1714)
00559 001564  8D101824  10001101 00010000 00011000 00100100  (L1715)
0055A 001568  0C200000  00001100 00100000 00000000 00000000  (L1716)
0055B 00156C  8C200400  10001100 00100000 00000100 00000000  (L1717)
0055C 001570  8D2002BC  10001101 00100000 00000010 10111100  (L1718)
0055D 001574  53210000  01010011 00100001 00000000 00000000  (L1719)
0055E 001578  0C100000  00001100 00010000 00000000 00000000  (L1720)
0055F 00157C  8C10FFF0  10001100 00010000 11111111 11110000  (L1721)
00560 001580  8D1017BC  10001101 00010000 00010111 10111100  (L1722)
00561 001584  0C200000  00001100 00100000 00000000 00000000  (L1723)
00562 001588  8C200400  10001100 00100000 00000100 00000000  (L1724)
00563 00158C  8D2002B8  10001101 00100000 00000010 10111000  (L1725)
00564 001590  53210000  01010011 00100001 00000000 00000000  (L1726)
00565 001594  0C100000  00001100 00010000 00000000 00000000  (L1727)
00566 001598  8C10FFF0  10001100 00010000 11111111 11110000  (L1728)
00567 00159C  8D101754  10001101 00010000 00010111 01010100  (L1729)
00568 0015A0  0C200000  00001100 00100000 00000000 00000000  (L1730)
00569 0015A4  8C200400  10001100 00100000 00000100 00000000  (L1731)
0056A 0015A8  8D2002B4  10001101 00100000 00000010 10110100  (L1732)
0056B 0015AC  53210000  01010011 00100001 00000000 00000000  (L1733)
0056C 0015B0  0C100000  00001100 00010000 00000000 00000000  (L1734)
0056D 0015B4  8C10FFF0  10001100 00010000 11111111 11110000  (L1735)
0056E 0015B8  8D1016EC  10001101 00010000 00010110 11101100  (L1736)
0056F 0015BC  0C200000  00001100 00100000 00000000 00000000  (L1737)
00570 0015C0  8C200400  10001100 00100000 00000100 00000000  (L1738)
00571 0015C4  8D2002B0  10001101 00100000 00000010 10110000  (L1739)
00572 0015C8  53210000  01010011 00100001 00000000 00000000  (L1740)
00573 0015CC  0C100000  00001100 00010000 00000000 00000000  (L1741)
00574 0015D0  8C10FFF0  10001100 00010000 11111111 11110000  (L1742)
00575 0015D4  8D101684  10001101 00010000 00010110 10000100  (L1743)
00576 0015D8  0C200000  00001100 00100000 00000000 00000000  (L1744)
00577 0015DC  8C200400  10001100 00100000 00000100 00000000  (L1745)
00578 0015E0  8D2002AC  10001101 00100000 00000010 10101100  (L1746)
00579 0015E4  53210000  01010011 00100001 00000000 00000000  (L1747)
0057A 0015E8  0C100000  00001100 00010000 00000000 00000000  (L1748)
0057B 0015EC  8C10FFF0  10001100 00010000 11111111 11110000  (L1749)
0057C 0015F0  8D1013F0  10001101 00010000 00010011 11110000  (L1750)
0057D 0015F4  151C0000  00010101 00011100 00000000 00000000  (L1752)
0057E 0015F8  0C100000  00001100 00010000 00000000 00000000  (L1754)
0057F 0015FC  8C100400  10001100 00010000 00000100 00000000  (L1755)
00580 001600  8D100034  10001101 00010000 00000000 00110100  (L1756)
00581 001604  52110000  01010010 00010001 00000000 00000000  (L1757)
00582 001608  0C200000  00001100 00100000 00000000 00000000  (L1758)
00583 00160C  8C20FEE0  10001100 00100000 11111110 11100000  (L1759)
00584 001610  8D200000  10001101 00100000 00000000 00000000  (L1760)
00585 001614  53120000  01010011 00010010 00000000 00000000  (L1761)
00586 001618  0C200000  00001100 00100000 00000000 00000000  (L1762)
00587 00161C  53120004  01010011 00010010 00000000 00000100  (L1763)
00588 001620  5312000C  01010011 00010010 00000000 00001100  (L1764)
00589 001624  0C200003  00001100 00100000 00000000 00000011  (L1765)
0058A 001628  53120008  01010011 00010010 00000000 00001000  (L1766)
0058B 00162C  8CF0FFF0  10001100 11110000 11111111 11110000  (L1767)
0058C 001630  8DF01664  10001101 11110000 00010110 01100100  (L1768)
0058D 001634  100F0000  00010000 00001111 00000000 00000000  (L1769)
0058E 001638  8DE0FFFC  10001101 11100000 11111111 11111100  (L1770)
0058F 00163C  11000000  00010001 00000000 00000000 00000000  (L1771)
;
; [irqOff:]
00590 001640  8DE00004  10001101 11100000 00000000 00000100  (L1779)
00591 001644  14810000  00010100 10000001 00000000 00000000  (L1781)
00592 001648  0C200000  00001100 00100000 00000000 00000000  (L1783)
00593 00164C  8C200000  10001100 00100000 00000000 00000000  (L1784)
00594 001650  8D20FFFB  10001101 00100000 11111111 11111011  (L1785)
00595 001654  07121000  00000111 00010010 00010000 00000000  (L1786)
00596 001658  15180000  00010101 00011000 00000000 00000000  (L1788)
00597 00165C  8DE0FFFC  10001101 11100000 11111111 11111100  (L1790)
00598 001660  11000000  00010001 00000000 00000000 00000000  (L1791)
;
; [irqOn:]
00599 001664  8DE00004  10001101 11100000 00000000 00000100  (L1799)
0059A 001668  14810000  00010100 10000001 00000000 00000000  (L1801)
0059B 00166C  0C200004  00001100 00100000 00000000 00000100  (L1803)
0059C 001670  06121000  00000110 00010010 00010000 00000000  (L1804)
0059D 001674  06111000  00000110 00010001 00010000 00000000  (L1805)
0059E 001678  15180000  00010101 00011000 00000000 00000000  (L1807)
0059F 00167C  8DE0FFFC  10001101 11100000 11111111 11111100  (L1809)
005A0 001680  11000000  00010001 00000000 00000000 00000000  (L1810)
;
; [pageFault:]
005A1 001684  8DE00008  10001101 11100000 00000000 00001000  (L1818)
005A2 001688  53E8FFFC  01010011 11101000 11111111 11111100  (L1819)
005A3 00168C  82208000  10000010 00100000 10000000 00000000  (L1820)
005A4 001690  14810000  00010100 10000001 00000000 00000000  (L1822)
005A5 001694  0C200000  00001100 00100000 00000000 00000000  (L1824)
005A6 001698  8C200000  10001100 00100000 00000000 00000000  (L1825)
005A7 00169C  8D20FFFB  10001101 00100000 11111111 11111011  (L1826)
005A8 0016A0  07121000  00000111 00010010 00010000 00000000  (L1827)
005A9 0016A4  15180000  00010101 00011000 00000000 00000000  (L1829)
005AA 0016A8  0C100001  00001100 00010000 00000000 00000001  (L1831)
005AB 0016AC  0C200000  00001100 00100000 00000000 00000000  (L1832)
005AC 0016B0  8C200400  10001100 00100000 00000100 00000000  (L1833)
005AD 0016B4  8D2004A8  10001101 00100000 00000100 10101000  (L1834)
005AE 0016B8  13210000  00010011 00100001 00000000 00000000  (L1835)
005AF 0016BC  0C200000  00001100 00100000 00000000 00000000  (L1836)
005B0 0016C0  0C100000  00001100 00010000 00000000 00000000  (L1837)
005B1 0016C4  8C100400  10001100 00010000 00000100 00000000  (L1838)
005B2 0016C8  8D100053  10001101 00010000 00000000 01010011  (L1839)
005B3 0016CC  8CF0FFF0  10001100 11110000 11111111 11110000  (L1840)
005B4 0016D0  8DF007A4  10001101 11110000 00000111 10100100  (L1841)
005B5 0016D4  100F0000  00010000 00001111 00000000 00000000  (L1842)
005B6 0016D8  01000000  00000001 00000000 00000000 00000000  (L1844)
005B7 0016DC  82801000  10000010 10000000 00010000 00000000  (L1846)
005B8 0016E0  52E8FFFC  01010010 11101000 11111111 11111100  (L1847)
005B9 0016E4  8DE0FFF8  10001101 11100000 11111111 11111000  (L1848)
005BA 0016E8  11000000  00010001 00000000 00000000 00000000  (L1849)
;
; [alignamentFault:]
005BB 0016EC  8DE00008  10001101 11100000 00000000 00001000  (L1857)
005BC 0016F0  53E8FFFC  01010011 11101000 11111111 11111100  (L1858)
005BD 0016F4  82208000  10000010 00100000 10000000 00000000  (L1859)
005BE 0016F8  14810000  00010100 10000001 00000000 00000000  (L1861)
005BF 0016FC  0C200000  00001100 00100000 00000000 00000000  (L1863)
005C0 001700  8C200000  10001100 00100000 00000000 00000000  (L1864)
005C1 001704  8D20FFFB  10001101 00100000 11111111 11111011  (L1865)
005C2 001708  07121000  00000111 00010010 00010000 00000000  (L1866)
005C3 00170C  15180000  00010101 00011000 00000000 00000000  (L1868)
005C4 001710  0C100001  00001100 00010000 00000000 00000001  (L1870)
005C5 001714  0C200000  00001100 00100000 00000000 00000000  (L1871)
005C6 001718  8C200400  10001100 00100000 00000100 00000000  (L1872)
005C7 00171C  8D2004A8  10001101 00100000 00000100 10101000  (L1873)
005C8 001720  13210000  00010011 00100001 00000000 00000000  (L1874)
005C9 001724  0C200000  00001100 00100000 00000000 00000000  (L1875)
005CA 001728  0C100000  00001100 00010000 00000000 00000000  (L1876)
005CB 00172C  8C100400  10001100 00010000 00000100 00000000  (L1877)
005CC 001730  8D100078  10001101 00010000 00000000 01111000  (L1878)
005CD 001734  8CF0FFF0  10001100 11110000 11111111 11110000  (L1879)
005CE 001738  8DF007A4  10001101 11110000 00000111 10100100  (L1880)
005CF 00173C  100F0000  00010000 00001111 00000000 00000000  (L1881)
005D0 001740  01000000  00000001 00000000 00000000 00000000  (L1883)
005D1 001744  82801000  10000010 10000000 00010000 00000000  (L1885)
005D2 001748  52E8FFFC  01010010 11101000 11111111 11111100  (L1886)
005D3 00174C  8DE0FFF8  10001101 11100000 11111111 11111000  (L1887)
005D4 001750  11000000  00010001 00000000 00000000 00000000  (L1888)
;
; [generalProtectionFault:]
005D5 001754  8DE00008  10001101 11100000 00000000 00001000  (L1896)
005D6 001758  53E8FFFC  01010011 11101000 11111111 11111100  (L1897)
005D7 00175C  82208000  10000010 00100000 10000000 00000000  (L1898)
005D8 001760  14810000  00010100 10000001 00000000 00000000  (L1900)
005D9 001764  0C200000  00001100 00100000 00000000 00000000  (L1902)
005DA 001768  8C200000  10001100 00100000 00000000 00000000  (L1903)
005DB 00176C  8D20FFFB  10001101 00100000 11111111 11111011  (L1904)
005DC 001770  07121000  00000111 00010010 00010000 00000000  (L1905)
005DD 001774  15180000  00010101 00011000 00000000 00000000  (L1907)
005DE 001778  0C100001  00001100 00010000 00000000 00000001  (L1909)
005DF 00177C  0C200000  00001100 00100000 00000000 00000000  (L1910)
005E0 001780  8C200400  10001100 00100000 00000100 00000000  (L1911)
005E1 001784  8D2004A8  10001101 00100000 00000100 10101000  (L1912)
005E2 001788  13210000  00010011 00100001 00000000 00000000  (L1913)
005E3 00178C  0C200000  00001100 00100000 00000000 00000000  (L1914)
005E4 001790  0C100000  00001100 00010000 00000000 00000000  (L1915)
005E5 001794  8C100400  10001100 00010000 00000100 00000000  (L1916)
005E6 001798  8D100097  10001101 00010000 00000000 10010111  (L1917)
005E7 00179C  8CF0FFF0  10001100 11110000 11111111 11110000  (L1918)
005E8 0017A0  8DF007A4  10001101 11110000 00000111 10100100  (L1919)
005E9 0017A4  100F0000  00010000 00001111 00000000 00000000  (L1920)
005EA 0017A8  01000000  00000001 00000000 00000000 00000000  (L1922)
005EB 0017AC  82801000  10000010 10000000 00010000 00000000  (L1924)
005EC 0017B0  52E8FFFC  01010010 11101000 11111111 11111100  (L1925)
005ED 0017B4  8DE0FFF8  10001101 11100000 11111111 11111000  (L1926)
005EE 0017B8  11000000  00010001 00000000 00000000 00000000  (L1927)
;
; [invalidOpCode:]
005EF 0017BC  8DE00008  10001101 11100000 00000000 00001000  (L1935)
005F0 0017C0  53E8FFFC  01010011 11101000 11111111 11111100  (L1936)
005F1 0017C4  82208000  10000010 00100000 10000000 00000000  (L1937)
005F2 0017C8  14810000  00010100 10000001 00000000 00000000  (L1939)
005F3 0017CC  0C200000  00001100 00100000 00000000 00000000  (L1941)
005F4 0017D0  8C200000  10001100 00100000 00000000 00000000  (L1942)
005F5 0017D4  8D20FFFB  10001101 00100000 11111111 11111011  (L1943)
005F6 0017D8  07121000  00000111 00010010 00010000 00000000  (L1944)
005F7 0017DC  15180000  00010101 00011000 00000000 00000000  (L1946)
005F8 0017E0  0C100001  00001100 00010000 00000000 00000001  (L1948)
005F9 0017E4  0C200000  00001100 00100000 00000000 00000000  (L1949)
005FA 0017E8  8C200400  10001100 00100000 00000100 00000000  (L1950)
005FB 0017EC  8D2004A8  10001101 00100000 00000100 10101000  (L1951)
005FC 0017F0  13210000  00010011 00100001 00000000 00000000  (L1952)
005FD 0017F4  0C200000  00001100 00100000 00000000 00000000  (L1953)
005FE 0017F8  0C100000  00001100 00010000 00000000 00000000  (L1954)
005FF 0017FC  8C100400  10001100 00010000 00000100 00000000  (L1955)
00600 001800  8D1000BE  10001101 00010000 00000000 10111110  (L1956)
00601 001804  8CF0FFF0  10001100 11110000 11111111 11110000  (L1957)
00602 001808  8DF007A4  10001101 11110000 00000111 10100100  (L1958)
00603 00180C  100F0000  00010000 00001111 00000000 00000000  (L1959)
00604 001810  01000000  00000001 00000000 00000000 00000000  (L1961)
00605 001814  82801000  10000010 10000000 00010000 00000000  (L1963)
00606 001818  52E8FFFC  01010010 11101000 11111111 11111100  (L1964)
00607 00181C  8DE0FFF8  10001101 11100000 11111111 11111000  (L1965)
00608 001820  11000000  00010001 00000000 00000000 00000000  (L1966)
;
; [doubleFault:]
00609 001824  8DE00008  10001101 11100000 00000000 00001000  (L1974)
0060A 001828  53E8FFFC  01010011 11101000 11111111 11111100  (L1975)
0060B 00182C  82208000  10000010 00100000 10000000 00000000  (L1976)
0060C 001830  14810000  00010100 10000001 00000000 00000000  (L1978)
0060D 001834  0C200000  00001100 00100000 00000000 00000000  (L1980)
0060E 001838  8C200000  10001100 00100000 00000000 00000000  (L1981)
0060F 00183C  8D20FFFB  10001101 00100000 11111111 11111011  (L1982)
00610 001840  07121000  00000111 00010010 00010000 00000000  (L1983)
00611 001844  15180000  00010101 00011000 00000000 00000000  (L1985)
00612 001848  0C100001  00001100 00010000 00000000 00000001  (L1987)
00613 00184C  0C200000  00001100 00100000 00000000 00000000  (L1988)
00614 001850  8C200400  10001100 00100000 00000100 00000000  (L1989)
00615 001854  8D2004A8  10001101 00100000 00000100 10101000  (L1990)
00616 001858  13210000  00010011 00100001 00000000 00000000  (L1991)
00617 00185C  0C200000  00001100 00100000 00000000 00000000  (L1992)
00618 001860  0C100000  00001100 00010000 00000000 00000000  (L1993)
00619 001864  8C100400  10001100 00010000 00000100 00000000  (L1994)
0061A 001868  8D1000DB  10001101 00010000 00000000 11011011  (L1995)
0061B 00186C  8CF0FFF0  10001100 11110000 11111111 11110000  (L1996)
0061C 001870  8DF007A4  10001101 11110000 00000111 10100100  (L1997)
0061D 001874  100F0000  00010000 00001111 00000000 00000000  (L1998)
0061E 001878  01000000  00000001 00000000 00000000 00000000  (L2000)
0061F 00187C  82801000  10000010 10000000 00010000 00000000  (L2002)
00620 001880  52E8FFFC  01010010 11101000 11111111 11111100  (L2003)
00621 001884  8DE0FFF8  10001101 11100000 11111111 11111000  (L2004)
00622 001888  11000000  00010001 00000000 00000000 00000000  (L2005)
;
; [syscallsHandler:]
00623 00188C  8DE00004  10001101 11100000 00000000 00000100  (L2013)
00624 001890  82301000  10000010 00110000 00010000 00000000  (L2014)
00625 001894  0D100004  00001101 00010000 00000000 00000100  (L2015)
00626 001898  8DE0FFFC  10001101 11100000 11111111 11111100  (L2016)
00627 00189C  11000000  00010001 00000000 00000000 00000000  (L2017)
;
; [fibonacci:]
00628 0018A0  8DE00008  10001101 11100000 00000000 00001000  (L2025)
00629 0018A4  02E02000  00000010 11100000 00100000 00000000  (L2026)
0062A 0018A8  8D20FFFC  10001101 00100000 11111111 11111100  (L2027)
0062B 0018AC  53210000  01010011 00100001 00000000 00000000  (L2028)
0062C 0018B0  52230000  01010010 00100011 00000000 00000000  (L2029)
0062D 0018B4  0C100001  00001100 00010000 00000000 00000001  (L2030)
0062E 0018B8  03310000  00000011 00110001 00000000 00000000  (L2031)
0062F 0018BC  8CF0FFF0  10001100 11110000 11111111 11110000  (L2032)
00630 0018C0  8DF018F4  10001101 11110000 00011000 11110100  (L2033)
00631 0018C4  0F2F0000  00001111 00101111 00000000 00000000  (L2034)
00632 0018C8  52230000  01010010 00100011 00000000 00000000  (L2036)
00633 0018CC  03310000  00000011 00110001 00000000 00000000  (L2037)
00634 0018D0  8CF0FFF0  10001100 11110000 11111111 11110000  (L2038)
00635 0018D4  8DF01934  10001101 11110000 00011001 00110100  (L2039)
00636 0018D8  0F0F0000  00001111 00001111 00000000 00000000  (L2040)
00637 0018DC  52210000  01010010 00100001 00000000 00000000  (L2042)
00638 0018E0  0C300002  00001100 00110000 00000000 00000010  (L2043)
00639 0018E4  03130000  00000011 00010011 00000000 00000000  (L2044)
0063A 0018E8  8CF0FFF0  10001100 11110000 11111111 11110000  (L2045)
0063B 0018EC  8DF01904  10001101 11110000 00011001 00000100  (L2046)
0063C 0018F0  0F3F0000  00001111 00111111 00000000 00000000  (L2047)
;
; [.LBB26_4:]
0063D 0018F4  0C100000  00001100 00010000 00000000 00000000  (L2049)
0063E 0018F8  8CF0FFF0  10001100 11110000 11111111 11110000  (L2050)
0063F 0018FC  8DF01934  10001101 11110000 00011001 00110100  (L2051)
00640 001900  0E0F0000  00001110 00001111 00000000 00000000  (L2052)
;
; [.LBB26_5:]
00641 001904  0C300000  00001100 00110000 00000000 00000000  (L2054)
00642 001908  0C100001  00001100 00010000 00000000 00000001  (L2055)
00643 00190C  82104000  10000010 00010000 01000000 00000000  (L2056)
;
; [.LBB26_6:]
00644 001910  82305000  10000010 00110000 01010000 00000000  (L2059)
00645 001914  82103000  10000010 00010000 00110000 00000000  (L2060)
00646 001918  02351000  00000010 00110101 00010000 00000000  (L2061)
00647 00191C  0D400001  00001101 01000000 00000000 00000001  (L2062)
00648 001920  52250000  01010010 00100101 00000000 00000000  (L2063)
00649 001924  03450000  00000011 01000101 00000000 00000000  (L2064)
0064A 001928  8CF0FFF0  10001100 11110000 11111111 11110000  (L2065)
0064B 00192C  8DF01910  10001101 11110000 00011001 00010000  (L2066)
0064C 001930  0F2F0000  00001111 00101111 00000000 00000000  (L2067)
;
; [.LBB26_7:]
0064D 001934  8DE0FFF8  10001101 11100000 11111111 11111000  (L2069)
0064E 001938  11000000  00010001 00000000 00000000 00000000  (L2070)
;
; [main:]
0064F 00193C  8DE00008  10001101 11100000 00000000 00001000  (L2078)
00650 001940  53E8FFFC  01010011 11101000 11111111 11111100  (L2079)
00651 001944  8CF0FFF0  10001100 11110000 11111111 11110000  (L2080)
00652 001948  8DF01478  10001101 11110000 00010100 01111000  (L2081)
00653 00194C  100F0000  00010000 00001111 00000000 00000000  (L2082)
00654 001950  8CF0FFF0  10001100 11110000 11111111 11110000  (L2083)
00655 001954  8DF01558  10001101 11110000 00010101 01011000  (L2084)
00656 001958  100F0000  00010000 00001111 00000000 00000000  (L2085)
00657 00195C  8CF0FFF0  10001100 11110000 11111111 11110000  (L2086)
00658 001960  8DF0120C  10001101 11110000 00010010 00001100  (L2087)
00659 001964  100F0000  00010000 00001111 00000000 00000000  (L2088)
0065A 001968  8CF0FFF0  10001100 11110000 11111111 11110000  (L2089)
0065B 00196C  8DF00590  10001101 11110000 00000101 10010000  (L2090)
0065C 001970  100F0000  00010000 00001111 00000000 00000000  (L2091)
0065D 001974  0C800000  00001100 10000000 00000000 00000000  (L2092)
0065E 001978  0C100000  00001100 00010000 00000000 00000000  (L2093)
0065F 00197C  8C100400  10001100 00010000 00000100 00000000  (L2094)
00660 001980  8D1000FC  10001101 00010000 00000000 11111100  (L2095)
00661 001984  82802000  10000010 10000000 00100000 00000000  (L2096)
00662 001988  8CF0FFF0  10001100 11110000 11111111 11110000  (L2097)
00663 00198C  8DF007A4  10001101 11110000 00000111 10100100  (L2098)
00664 001990  100F0000  00010000 00001111 00000000 00000000  (L2099)
00665 001994  0C100000  00001100 00010000 00000000 00000000  (L2100)
00666 001998  8C100400  10001100 00010000 00000100 00000000  (L2101)
00667 00199C  8D10011E  10001101 00010000 00000001 00011110  (L2102)
00668 0019A0  82802000  10000010 10000000 00100000 00000000  (L2103)
00669 0019A4  8CF0FFF0  10001100 11110000 11111111 11110000  (L2104)
0066A 0019A8  8DF007A4  10001101 11110000 00000111 10100100  (L2105)
0066B 0019AC  100F0000  00010000 00001111 00000000 00000000  (L2106)
0066C 0019B0  0C100000  00001100 00010000 00000000 00000000  (L2107)
0066D 0019B4  8C100400  10001100 00010000 00000100 00000000  (L2108)
0066E 0019B8  8D1004AC  10001101 00010000 00000100 10101100  (L2109)
0066F 0019BC  52110000  01010010 00010001 00000000 00000000  (L2110)
00670 0019C0  8CF0FFF0  10001100 11110000 11111111 11110000  (L2111)
00671 0019C4  8DF008DC  10001101 11110000 00001000 11011100  (L2112)
00672 0019C8  100F0000  00010000 00001111 00000000 00000000  (L2113)
00673 0019CC  82802000  10000010 10000000 00100000 00000000  (L2114)
00674 0019D0  8CF0FFF0  10001100 11110000 11111111 11110000  (L2115)
00675 0019D4  8DF007A4  10001101 11110000 00000111 10100100  (L2116)
00676 0019D8  100F0000  00010000 00001111 00000000 00000000  (L2117)
00677 0019DC  0C100000  00001100 00010000 00000000 00000000  (L2118)
00678 0019E0  8C100400  10001100 00010000 00000100 00000000  (L2119)
00679 0019E4  8D100123  10001101 00010000 00000001 00100011  (L2120)
0067A 0019E8  82802000  10000010 10000000 00100000 00000000  (L2121)
0067B 0019EC  8CF0FFF0  10001100 11110000 11111111 11110000  (L2122)
0067C 0019F0  8DF007A4  10001101 11110000 00000111 10100100  (L2123)
0067D 0019F4  100F0000  00010000 00001111 00000000 00000000  (L2124)
0067E 0019F8  0C100000  00001100 00010000 00000000 00000000  (L2125)
0067F 0019FC  8C100400  10001100 00010000 00000100 00000000  (L2126)
00680 001A00  8D10013F  10001101 00010000 00000001 00111111  (L2127)
00681 001A04  82802000  10000010 10000000 00100000 00000000  (L2128)
00682 001A08  8CF0FFF0  10001100 11110000 11111111 11110000  (L2129)
00683 001A0C  8DF007A4  10001101 11110000 00000111 10100100  (L2130)
00684 001A10  100F0000  00010000 00001111 00000000 00000000  (L2131)
00685 001A14  0C10002E  00001100 00010000 00000000 00101110  (L2132)
00686 001A18  8CF0FFF0  10001100 11110000 11111111 11110000  (L2133)
00687 001A1C  8DF018A0  10001101 11110000 00011000 10100000  (L2134)
00688 001A20  100F0000  00010000 00001111 00000000 00000000  (L2135)
00689 001A24  8CF0FFF0  10001100 11110000 11111111 11110000  (L2136)
0068A 001A28  8DF008DC  10001101 11110000 00001000 11011100  (L2137)
0068B 001A2C  100F0000  00010000 00001111 00000000 00000000  (L2138)
0068C 001A30  82802000  10000010 10000000 00100000 00000000  (L2139)
0068D 001A34  8CF0FFF0  10001100 11110000 11111111 11110000  (L2140)
0068E 001A38  8DF007A4  10001101 11110000 00000111 10100100  (L2141)
0068F 001A3C  100F0000  00010000 00001111 00000000 00000000  (L2142)
00690 001A40  0C100000  00001100 00010000 00000000 00000000  (L2143)
00691 001A44  8C10FFFD  10001100 00010000 11111111 11111101  (L2144)
00692 001A48  8D106F85  10001101 00010000 01101111 10000101  (L2145)
00693 001A4C  8CF0FFF0  10001100 11110000 11111111 11110000  (L2146)
00694 001A50  8DF008DC  10001101 11110000 00001000 11011100  (L2147)
00695 001A54  100F0000  00010000 00001111 00000000 00000000  (L2148)
00696 001A58  82802000  10000010 10000000 00100000 00000000  (L2149)
00697 001A5C  8CF0FFF0  10001100 11110000 11111111 11110000  (L2150)
00698 001A60  8DF007A4  10001101 11110000 00000111 10100100  (L2151)
00699 001A64  100F0000  00010000 00001111 00000000 00000000  (L2152)
;
; [.LBB27_1:]
0069A 001A68  01000000  00000001 00000000 00000000 00000000  (L2156)
0069B 001A6C  8CF0FFF0  10001100 11110000 11111111 11110000  (L2158)
0069C 001A70  8DF01A68  10001101 11110000 00011010 01101000  (L2159)
0069D 001A74  0E0F0000  00001110 00001111 00000000 00000000  (L2160)
;
; [.Lfunc_end27:]
0069E 001A78  FFF000FC  11111111 11110000 00000000 11111100  (L0)
0069F 001A7C  FFF0013C  11111111 11110000 00000001 00111100  (L0)
006A0 001A80  FFF00178  11111111 11110000 00000001 01111000  (L0)
006A1 001A84  FFF00154  11111111 11110000 00000001 01010100  (L0)
006A2 001A88  FFF003B8  11111111 11110000 00000011 10111000  (L0)
006A3 001A8C  FFF00424  11111111 11110000 00000100 00100100  (L0)
006A4 001A90  FFF00460  11111111 11110000 00000100 01100000  (L0)
006A5 001A94  FFF0043C  11111111 11110000 00000100 00111100  (L0)
006A6 001A98  FFF00228  11111111 11110000 00000010 00101000  (L0)
006A7 001A9C  FFF003DC  11111111 11110000 00000011 11011100  (L0)
006A8 001AA0  FFF00414  11111111 11110000 00000100 00010100  (L0)
006A9 001AA4  FFF003F4  11111111 11110000 00000011 11110100  (L0)
006AA 001AA8  00000000  00000000 00000000 00000000 00000000  (L0)
006AB 001AAC  FEE00000  11111110 11100000 00000000 00000000  (L0)
006AC 001AB0  61746146  01100001 01110100 01100001 01000110  (L0)
006AD 001AB4  7245206C  01110010 01000101 00100000 01101100  (L0)
006AE 001AB8  3A726F72  00111010 01110010 01101111 01110010  (L0)
006AF 001ABC  686E5520  01101000 01101110 01010101 00100000  (L0)
006B0 001AC0  6C646E61  01101100 01100100 01101110 01100001  (L0)
006B1 001AC4  49206465  01001001 00100000 01100100 01100101  (L0)
006B2 001AC8  0A005152  00001010 00000000 01010001 01010010  (L0)
006B3 001ACC  61746146  01100001 01110100 01100001 01000110  (L0)
006B4 001AD0  7245206C  01110010 01000101 00100000 01101100  (L0)
006B5 001AD4  3A726F72  00111010 01110010 01101111 01110010  (L0)
006B6 001AD8  67615020  01100111 01100001 01010000 00100000  (L0)
006B7 001ADC  61462065  01100001 01000110 00100000 01100101  (L0)
006B8 001AE0  20746C75  00100000 01110100 01101100 01110101  (L0)
006B9 001AE4  68746977  01101000 01110100 01101001 01110111  (L0)
006BA 001AE8  2074756F  00100000 01110100 01110101 01101111  (L0)
006BB 001AEC  00554D4D  00000000 01010101 01001101 01001101  (L0)
006BC 001AF0  7461460A  01110100 01100001 01000110 00001010  (L0)
006BD 001AF4  45206C61  01000101 00100000 01101100 01100001  (L0)
006BE 001AF8  726F7272  01110010 01101111 01110010 01110010  (L0)
006BF 001AFC  6C41203A  01101100 01000001 00100000 00111010  (L0)
006C0 001B00  616E6769  01100001 01101110 01100111 01101001  (L0)
006C1 001B04  746E656D  01110100 01101110 01100101 01101101  (L0)
006C2 001B08  75614620  01110101 01100001 01000110 00100000  (L0)
006C3 001B0C  0A00746C  00001010 00000000 01110100 01101100  (L0)
006C4 001B10  61746146  01100001 01110100 01100001 01000110  (L0)
006C5 001B14  7245206C  01110010 01000101 00100000 01101100  (L0)
006C6 001B18  3A726F72  00111010 01110010 01101111 01110010  (L0)
006C7 001B1C  6E654720  01101110 01100101 01000111 00100000  (L0)
006C8 001B20  6C617265  01101100 01100001 01110010 01100101  (L0)
006C9 001B24  6F725020  01101111 01110010 01010000 00100000  (L0)
006CA 001B28  74636574  01110100 01100011 01100101 01110100  (L0)
006CB 001B2C  206E6F69  00100000 01101110 01101111 01101001  (L0)
006CC 001B30  6C756146  01101100 01110101 01100001 01000110  (L0)
006CD 001B34  460A0074  01000110 00001010 00000000 01110100  (L0)
006CE 001B38  6C617461  01101100 01100001 01110100 01100001  (L0)
006CF 001B3C  72724520  01110010 01110010 01000101 00100000  (L0)
006D0 001B40  203A726F  00100000 00111010 01110010 01101111  (L0)
006D1 001B44  61766E49  01100001 01110110 01101110 01001001  (L0)
006D2 001B48  2064696C  00100000 01100100 01101001 01101100  (L0)
006D3 001B4C  6F43704F  01101111 01000011 01110000 01001111  (L0)
006D4 001B50  0A006564  00001010 00000000 01100101 01100100  (L0)
006D5 001B54  61746146  01100001 01110100 01100001 01000110  (L0)
006D6 001B58  7245206C  01110010 01000101 00100000 01101100  (L0)
006D7 001B5C  3A726F72  00111010 01110010 01101111 01110010  (L0)
006D8 001B60  756F4420  01110101 01101111 01000100 00100000  (L0)
006D9 001B64  20656C62  00100000 01100101 01101100 01100010  (L0)
006DA 001B68  6C756146  01101100 01110101 01100001 01000110  (L0)
006DB 001B6C  00000074  00000000 00000000 00000000 01110100  (L0)
006DC 001B70  08000000  00001000 00000000 00000000 00000000  (L0)
006DD 001B74  6D756E45  01101101 01110101 01101110 01000101  (L0)
006DE 001B78  63617265  01100011 01100001 01110010 01100101  (L0)
006DF 001B7C  206E6F69  00100000 01101110 01101111 01101001  (L0)
006E0 001B80  62206564  01100010 00100000 01100101 01100100  (L0)
006E1 001B84  73657375  01110011 01100101 01110011 01110101  (L0)
006E2 001B88  6E696620  01101110 01101001 01100110 00100000  (L0)
006E3 001B8C  7A696C61  01111010 01101001 01101100 01100001  (L0)
006E4 001B90  2E616461  00101110 01100001 01100100 01100001  (L0)
006E5 001B94  6148000A  01100001 01001000 00000000 00001010  (L0)
006E6 001B98  20002079  00100000 00000000 00100000 01111001  (L0)
006E7 001B9C  70736964  01110000 01110011 01101001 01100100  (L0)
006E8 001BA0  7469736F  01110100 01101001 01110011 01101111  (L0)
006E9 001BA4  736F7669  01110011 01101111 01110110 01101001  (L0)
006EA 001BA8  6E6F6320  01101110 01101111 01100011 00100000  (L0)
006EB 001BAC  61746365  01100001 01110100 01100011 01100101  (L0)
006EC 001BB0  2E736F64  00101110 01110011 01101111 01100100  (L0)
006ED 001BB4  4C000A0A  01001100 00000000 00001010 00001010  (L0)
006EE 001BB8  43495041  01000011 01001001 01010000 01000001  (L0)
006EF 001BBC  49206520  01001001 00100000 01100101 00100000  (L0)
006F0 001BC0  20735152  00100000 01110011 01010001 01010010  (L0)
006F1 001BC4  63696E69  01100011 01101001 01101110 01101001  (L0)
006F2 001BC8  696C6169  01101001 01101100 01100001 01101001  (L0)
006F3 001BCC  6164617A  01100001 01100100 01100001 01111010  (L0)
006F4 001BD0  0A0A2E73  00001010 00001010 00101110 01110011  (L0)
006F5 001BD4  00000000  00000000 00000000 00000000 00000000  (L0)
;
; [.start:]
006F6 001BD8  8CF0FFF0  10001100 11110000 11111111 11110000  (L0)
006F7 001BDC  8DF01A78  10001101 11110000 00011010 01111000  (L0)
006F8 001BE0  8C100400  10001100 00010000 00000100 00000000  (L0)
006F9 001BE4  8D100000  10001101 00010000 00000000 00000000  (L0)
006FA 001BE8  52F20000  01010010 11110010 00000000 00000000  (L0)
006FB 001BEC  53120000  01010011 00010010 00000000 00000000  (L0)
006FC 001BF0  52F20004  01010010 11110010 00000000 00000100  (L0)
006FD 001BF4  53120004  01010011 00010010 00000000 00000100  (L0)
006FE 001BF8  52F20008  01010010 11110010 00000000 00001000  (L0)
006FF 001BFC  53120008  01010011 00010010 00000000 00001000  (L0)
00700 001C00  52F2000C  01010010 11110010 00000000 00001100  (L0)
00701 001C04  5312000C  01010011 00010010 00000000 00001100  (L0)
00702 001C08  52F20010  01010010 11110010 00000000 00010000  (L0)
00703 001C0C  53120010  01010011 00010010 00000000 00010000  (L0)
00704 001C10  52F20014  01010010 11110010 00000000 00010100  (L0)
00705 001C14  53120014  01010011 00010010 00000000 00010100  (L0)
00706 001C18  52F20018  01010010 11110010 00000000 00011000  (L0)
00707 001C1C  53120018  01010011 00010010 00000000 00011000  (L0)
00708 001C20  52F2001C  01010010 11110010 00000000 00011100  (L0)
00709 001C24  5312001C  01010011 00010010 00000000 00011100  (L0)
0070A 001C28  52F20020  01010010 11110010 00000000 00100000  (L0)
0070B 001C2C  53120020  01010011 00010010 00000000 00100000  (L0)
0070C 001C30  52F20024  01010010 11110010 00000000 00100100  (L0)
0070D 001C34  53120024  01010011 00010010 00000000 00100100  (L0)
0070E 001C38  52F20028  01010010 11110010 00000000 00101000  (L0)
0070F 001C3C  53120028  01010011 00010010 00000000 00101000  (L0)
00710 001C40  52F2002C  01010010 11110010 00000000 00101100  (L0)
00711 001C44  5312002C  01010011 00010010 00000000 00101100  (L0)
00712 001C48  52F20030  01010010 11110010 00000000 00110000  (L0)
00713 001C4C  53120030  01010011 00010010 00000000 00110000  (L0)
00714 001C50  52F20034  01010010 11110010 00000000 00110100  (L0)
00715 001C54  53120034  01010011 00010010 00000000 00110100  (L0)
00716 001C58  52F20038  01010010 11110010 00000000 00111000  (L0)
00717 001C5C  53120038  01010011 00010010 00000000 00111000  (L0)
00718 001C60  52F2003C  01010010 11110010 00000000 00111100  (L0)
00719 001C64  5312003C  01010011 00010010 00000000 00111100  (L0)
0071A 001C68  52F20040  01010010 11110010 00000000 01000000  (L0)
0071B 001C6C  53120040  01010011 00010010 00000000 01000000  (L0)
0071C 001C70  52F20044  01010010 11110010 00000000 01000100  (L0)
0071D 001C74  53120044  01010011 00010010 00000000 01000100  (L0)
0071E 001C78  52F20048  01010010 11110010 00000000 01001000  (L0)
0071F 001C7C  53120048  01010011 00010010 00000000 01001000  (L0)
00720 001C80  52F2004C  01010010 11110010 00000000 01001100  (L0)
00721 001C84  5312004C  01010011 00010010 00000000 01001100  (L0)
00722 001C88  52F20050  01010010 11110010 00000000 01010000  (L0)
00723 001C8C  53120050  01010011 00010010 00000000 01010000  (L0)
00724 001C90  52F20054  01010010 11110010 00000000 01010100  (L0)
00725 001C94  53120054  01010011 00010010 00000000 01010100  (L0)
00726 001C98  52F20058  01010010 11110010 00000000 01011000  (L0)
00727 001C9C  53120058  01010011 00010010 00000000 01011000  (L0)
00728 001CA0  52F2005C  01010010 11110010 00000000 01011100  (L0)
00729 001CA4  5312005C  01010011 00010010 00000000 01011100  (L0)
0072A 001CA8  52F20060  01010010 11110010 00000000 01100000  (L0)
0072B 001CAC  53120060  01010011 00010010 00000000 01100000  (L0)
0072C 001CB0  52F20064  01010010 11110010 00000000 01100100  (L0)
0072D 001CB4  53120064  01010011 00010010 00000000 01100100  (L0)
0072E 001CB8  52F20068  01010010 11110010 00000000 01101000  (L0)
0072F 001CBC  53120068  01010011 00010010 00000000 01101000  (L0)
00730 001CC0  52F2006C  01010010 11110010 00000000 01101100  (L0)
00731 001CC4  5312006C  01010011 00010010 00000000 01101100  (L0)
00732 001CC8  52F20070  01010010 11110010 00000000 01110000  (L0)
00733 001CCC  53120070  01010011 00010010 00000000 01110000  (L0)
00734 001CD0  52F20074  01010010 11110010 00000000 01110100  (L0)
00735 001CD4  53120074  01010011 00010010 00000000 01110100  (L0)
00736 001CD8  52F20078  01010010 11110010 00000000 01111000  (L0)
00737 001CDC  53120078  01010011 00010010 00000000 01111000  (L0)
00738 001CE0  52F2007C  01010010 11110010 00000000 01111100  (L0)
00739 001CE4  5312007C  01010011 00010010 00000000 01111100  (L0)
0073A 001CE8  52F20080  01010010 11110010 00000000 10000000  (L0)
0073B 001CEC  53120080  01010011 00010010 00000000 10000000  (L0)
0073C 001CF0  52F20084  01010010 11110010 00000000 10000100  (L0)
0073D 001CF4  53120084  01010011 00010010 00000000 10000100  (L0)
0073E 001CF8  52F20088  01010010 11110010 00000000 10001000  (L0)
0073F 001CFC  53120088  01010011 00010010 00000000 10001000  (L0)
00740 001D00  52F2008C  01010010 11110010 00000000 10001100  (L0)
00741 001D04  5312008C  01010011 00010010 00000000 10001100  (L0)
00742 001D08  52F20090  01010010 11110010 00000000 10010000  (L0)
00743 001D0C  53120090  01010011 00010010 00000000 10010000  (L0)
00744 001D10  52F20094  01010010 11110010 00000000 10010100  (L0)
00745 001D14  53120094  01010011 00010010 00000000 10010100  (L0)
00746 001D18  52F20098  01010010 11110010 00000000 10011000  (L0)
00747 001D1C  53120098  01010011 00010010 00000000 10011000  (L0)
00748 001D20  52F2009C  01010010 11110010 00000000 10011100  (L0)
00749 001D24  5312009C  01010011 00010010 00000000 10011100  (L0)
0074A 001D28  52F200A0  01010010 11110010 00000000 10100000  (L0)
0074B 001D2C  531200A0  01010011 00010010 00000000 10100000  (L0)
0074C 001D30  52F200A4  01010010 11110010 00000000 10100100  (L0)
0074D 001D34  531200A4  01010011 00010010 00000000 10100100  (L0)
0074E 001D38  52F200A8  01010010 11110010 00000000 10101000  (L0)
0074F 001D3C  531200A8  01010011 00010010 00000000 10101000  (L0)
00750 001D40  52F200AC  01010010 11110010 00000000 10101100  (L0)
00751 001D44  531200AC  01010011 00010010 00000000 10101100  (L0)
00752 001D48  52F200B0  01010010 11110010 00000000 10110000  (L0)
00753 001D4C  531200B0  01010011 00010010 00000000 10110000  (L0)
00754 001D50  52F200B4  01010010 11110010 00000000 10110100  (L0)
00755 001D54  531200B4  01010011 00010010 00000000 10110100  (L0)
00756 001D58  52F200B8  01010010 11110010 00000000 10111000  (L0)
00757 001D5C  531200B8  01010011 00010010 00000000 10111000  (L0)
00758 001D60  52F200BC  01010010 11110010 00000000 10111100  (L0)
00759 001D64  531200BC  01010011 00010010 00000000 10111100  (L0)
0075A 001D68  52F200C0  01010010 11110010 00000000 11000000  (L0)
0075B 001D6C  531200C0  01010011 00010010 00000000 11000000  (L0)
0075C 001D70  52F200C4  01010010 11110010 00000000 11000100  (L0)
0075D 001D74  531200C4  01010011 00010010 00000000 11000100  (L0)
0075E 001D78  52F200C8  01010010 11110010 00000000 11001000  (L0)
0075F 001D7C  531200C8  01010011 00010010 00000000 11001000  (L0)
00760 001D80  52F200CC  01010010 11110010 00000000 11001100  (L0)
00761 001D84  531200CC  01010011 00010010 00000000 11001100  (L0)
00762 001D88  52F200D0  01010010 11110010 00000000 11010000  (L0)
00763 001D8C  531200D0  01010011 00010010 00000000 11010000  (L0)
00764 001D90  52F200D4  01010010 11110010 00000000 11010100  (L0)
00765 001D94  531200D4  01010011 00010010 00000000 11010100  (L0)
00766 001D98  52F200D8  01010010 11110010 00000000 11011000  (L0)
00767 001D9C  531200D8  01010011 00010010 00000000 11011000  (L0)
00768 001DA0  52F200DC  01010010 11110010 00000000 11011100  (L0)
00769 001DA4  531200DC  01010011 00010010 00000000 11011100  (L0)
0076A 001DA8  52F200E0  01010010 11110010 00000000 11100000  (L0)
0076B 001DAC  531200E0  01010011 00010010 00000000 11100000  (L0)
0076C 001DB0  52F200E4  01010010 11110010 00000000 11100100  (L0)
0076D 001DB4  531200E4  01010011 00010010 00000000 11100100  (L0)
0076E 001DB8  52F200E8  01010010 11110010 00000000 11101000  (L0)
0076F 001DBC  531200E8  01010011 00010010 00000000 11101000  (L0)
00770 001DC0  52F200EC  01010010 11110010 00000000 11101100  (L0)
00771 001DC4  531200EC  01010011 00010010 00000000 11101100  (L0)
00772 001DC8  52F200F0  01010010 11110010 00000000 11110000  (L0)
00773 001DCC  531200F0  01010011 00010010 00000000 11110000  (L0)
00774 001DD0  52F200F4  01010010 11110010 00000000 11110100  (L0)
00775 001DD4  531200F4  01010011 00010010 00000000 11110100  (L0)
00776 001DD8  52F200F8  01010010 11110010 00000000 11111000  (L0)
00777 001DDC  531200F8  01010011 00010010 00000000 11111000  (L0)
00778 001DE0  52F200FC  01010010 11110010 00000000 11111100  (L0)
00779 001DE4  531200FC  01010011 00010010 00000000 11111100  (L0)
0077A 001DE8  52F20100  01010010 11110010 00000001 00000000  (L0)
0077B 001DEC  53120100  01010011 00010010 00000001 00000000  (L0)
0077C 001DF0  52F20104  01010010 11110010 00000001 00000100  (L0)
0077D 001DF4  53120104  01010011 00010010 00000001 00000100  (L0)
0077E 001DF8  52F20108  01010010 11110010 00000001 00001000  (L0)
0077F 001DFC  53120108  01010011 00010010 00000001 00001000  (L0)
00780 001E00  52F2010C  01010010 11110010 00000001 00001100  (L0)
00781 001E04  5312010C  01010011 00010010 00000001 00001100  (L0)
00782 001E08  52F20110  01010010 11110010 00000001 00010000  (L0)
00783 001E0C  53120110  01010011 00010010 00000001 00010000  (L0)
00784 001E10  52F20114  01010010 11110010 00000001 00010100  (L0)
00785 001E14  53120114  01010011 00010010 00000001 00010100  (L0)
00786 001E18  52F20118  01010010 11110010 00000001 00011000  (L0)
00787 001E1C  53120118  01010011 00010010 00000001 00011000  (L0)
00788 001E20  52F2011C  01010010 11110010 00000001 00011100  (L0)
00789 001E24  5312011C  01010011 00010010 00000001 00011100  (L0)
0078A 001E28  52F20120  01010010 11110010 00000001 00100000  (L0)
0078B 001E2C  53120120  01010011 00010010 00000001 00100000  (L0)
0078C 001E30  52F20124  01010010 11110010 00000001 00100100  (L0)
0078D 001E34  53120124  01010011 00010010 00000001 00100100  (L0)
0078E 001E38  52F20128  01010010 11110010 00000001 00101000  (L0)
0078F 001E3C  53120128  01010011 00010010 00000001 00101000  (L0)
00790 001E40  52F2012C  01010010 11110010 00000001 00101100  (L0)
00791 001E44  5312012C  01010011 00010010 00000001 00101100  (L0)
00792 001E48  52F20130  01010010 11110010 00000001 00110000  (L0)
00793 001E4C  53120130  01010011 00010010 00000001 00110000  (L0)
00794 001E50  52F20134  01010010 11110010 00000001 00110100  (L0)
00795 001E54  53120134  01010011 00010010 00000001 00110100  (L0)
00796 001E58  52F20138  01010010 11110010 00000001 00111000  (L0)
00797 001E5C  53120138  01010011 00010010 00000001 00111000  (L0)
00798 001E60  52F2013C  01010010 11110010 00000001 00111100  (L0)
00799 001E64  5312013C  01010011 00010010 00000001 00111100  (L0)
0079A 001E68  52F20140  01010010 11110010 00000001 01000000  (L0)
0079B 001E6C  53120140  01010011 00010010 00000001 01000000  (L0)
0079C 001E70  52F20144  01010010 11110010 00000001 01000100  (L0)
0079D 001E74  53120144  01010011 00010010 00000001 01000100  (L0)
0079E 001E78  52F20148  01010010 11110010 00000001 01001000  (L0)
0079F 001E7C  53120148  01010011 00010010 00000001 01001000  (L0)
007A0 001E80  52F2014C  01010010 11110010 00000001 01001100  (L0)
007A1 001E84  5312014C  01010011 00010010 00000001 01001100  (L0)
007A2 001E88  52F20150  01010010 11110010 00000001 01010000  (L0)
007A3 001E8C  53120150  01010011 00010010 00000001 01010000  (L0)
007A4 001E90  52F20154  01010010 11110010 00000001 01010100  (L0)
007A5 001E94  53120154  01010011 00010010 00000001 01010100  (L0)
007A6 001E98  52F20158  01010010 11110010 00000001 01011000  (L0)
007A7 001E9C  53120158  01010011 00010010 00000001 01011000  (L0)
007A8 001EA0  52F2015C  01010010 11110010 00000001 01011100  (L0)
007A9 001EA4  5312015C  01010011 00010010 00000001 01011100  (L0)
007AA 001EA8  8C100400  10001100 00010000 00000100 00000000  (L0)
007AB 001EAC  8D100160  10001101 00010000 00000001 01100000  (L0)
007AC 001EB0  53100000  01010011 00010000 00000000 00000000  (L0)
007AD 001EB4  53100004  01010011 00010000 00000000 00000100  (L0)
007AE 001EB8  53100008  01010011 00010000 00000000 00001000  (L0)
007AF 001EBC  5310000C  01010011 00010000 00000000 00001100  (L0)
007B0 001EC0  53100010  01010011 00010000 00000000 00010000  (L0)
007B1 001EC4  53100014  01010011 00010000 00000000 00010100  (L0)
007B2 001EC8  53100018  01010011 00010000 00000000 00011000  (L0)
007B3 001ECC  5310001C  01010011 00010000 00000000 00011100  (L0)
007B4 001ED0  53100020  01010011 00010000 00000000 00100000  (L0)
007B5 001ED4  53100024  01010011 00010000 00000000 00100100  (L0)
007B6 001ED8  53100028  01010011 00010000 00000000 00101000  (L0)
007B7 001EDC  5310002C  01010011 00010000 00000000 00101100  (L0)
007B8 001EE0  53100030  01010011 00010000 00000000 00110000  (L0)
007B9 001EE4  53100034  01010011 00010000 00000000 00110100  (L0)
007BA 001EE8  53100038  01010011 00010000 00000000 00111000  (L0)
007BB 001EEC  5310003C  01010011 00010000 00000000 00111100  (L0)
007BC 001EF0  53100040  01010011 00010000 00000000 01000000  (L0)
007BD 001EF4  53100044  01010011 00010000 00000000 01000100  (L0)
007BE 001EF8  53100048  01010011 00010000 00000000 01001000  (L0)
007BF 001EFC  5310004C  01010011 00010000 00000000 01001100  (L0)
007C0 001F00  53100050  01010011 00010000 00000000 01010000  (L0)
007C1 001F04  53100054  01010011 00010000 00000000 01010100  (L0)
007C2 001F08  53100058  01010011 00010000 00000000 01011000  (L0)
007C3 001F0C  5310005C  01010011 00010000 00000000 01011100  (L0)
007C4 001F10  53100060  01010011 00010000 00000000 01100000  (L0)
007C5 001F14  53100064  01010011 00010000 00000000 01100100  (L0)
007C6 001F18  53100068  01010011 00010000 00000000 01101000  (L0)
007C7 001F1C  5310006C  01010011 00010000 00000000 01101100  (L0)
007C8 001F20  53100070  01010011 00010000 00000000 01110000  (L0)
007C9 001F24  53100074  01010011 00010000 00000000 01110100  (L0)
007CA 001F28  53100078  01010011 00010000 00000000 01111000  (L0)
007CB 001F2C  5310007C  01010011 00010000 00000000 01111100  (L0)
007CC 001F30  53100080  01010011 00010000 00000000 10000000  (L0)
007CD 001F34  53100084  01010011 00010000 00000000 10000100  (L0)
007CE 001F38  53100088  01010011 00010000 00000000 10001000  (L0)
007CF 001F3C  5310008C  01010011 00010000 00000000 10001100  (L0)
007D0 001F40  53100090  01010011 00010000 00000000 10010000  (L0)
007D1 001F44  53100094  01010011 00010000 00000000 10010100  (L0)
007D2 001F48  53100098  01010011 00010000 00000000 10011000  (L0)
007D3 001F4C  5310009C  01010011 00010000 00000000 10011100  (L0)
007D4 001F50  531000A0  01010011 00010000 00000000 10100000  (L0)
007D5 001F54  531000A4  01010011 00010000 00000000 10100100  (L0)
007D6 001F58  531000A8  01010011 00010000 00000000 10101000  (L0)
007D7 001F5C  531000AC  01010011 00010000 00000000 10101100  (L0)
007D8 001F60  531000B0  01010011 00010000 00000000 10110000  (L0)
007D9 001F64  531000B4  01010011 00010000 00000000 10110100  (L0)
007DA 001F68  531000B8  01010011 00010000 00000000 10111000  (L0)
007DB 001F6C  531000BC  01010011 00010000 00000000 10111100  (L0)
007DC 001F70  531000C0  01010011 00010000 00000000 11000000  (L0)
007DD 001F74  531000C4  01010011 00010000 00000000 11000100  (L0)
007DE 001F78  531000C8  01010011 00010000 00000000 11001000  (L0)
007DF 001F7C  531000CC  01010011 00010000 00000000 11001100  (L0)
007E0 001F80  531000D0  01010011 00010000 00000000 11010000  (L0)
007E1 001F84  531000D4  01010011 00010000 00000000 11010100  (L0)
007E2 001F88  531000D8  01010011 00010000 00000000 11011000  (L0)
007E3 001F8C  531000DC  01010011 00010000 00000000 11011100  (L0)
007E4 001F90  531000E0  01010011 00010000 00000000 11100000  (L0)
007E5 001F94  531000E4  01010011 00010000 00000000 11100100  (L0)
007E6 001F98  531000E8  01010011 00010000 00000000 11101000  (L0)
007E7 001F9C  531000EC  01010011 00010000 00000000 11101100  (L0)
007E8 001FA0  531000F0  01010011 00010000 00000000 11110000  (L0)
007E9 001FA4  531000F4  01010011 00010000 00000000 11110100  (L0)
007EA 001FA8  531000F8  01010011 00010000 00000000 11111000  (L0)
007EB 001FAC  531000FC  01010011 00010000 00000000 11111100  (L0)
007EC 001FB0  53100100  01010011 00010000 00000001 00000000  (L0)
007ED 001FB4  53100104  01010011 00010000 00000001 00000100  (L0)
007EE 001FB8  53100108  01010011 00010000 00000001 00001000  (L0)
007EF 001FBC  5310010C  01010011 00010000 00000001 00001100  (L0)
007F0 001FC0  53100110  01010011 00010000 00000001 00010000  (L0)
007F1 001FC4  53100114  01010011 00010000 00000001 00010100  (L0)
007F2 001FC8  53100118  01010011 00010000 00000001 00011000  (L0)
007F3 001FCC  5310011C  01010011 00010000 00000001 00011100  (L0)
007F4 001FD0  53100120  01010011 00010000 00000001 00100000  (L0)
007F5 001FD4  53100124  01010011 00010000 00000001 00100100  (L0)
007F6 001FD8  53100128  01010011 00010000 00000001 00101000  (L0)
007F7 001FDC  5310012C  01010011 00010000 00000001 00101100  (L0)
007F8 001FE0  53100130  01010011 00010000 00000001 00110000  (L0)
007F9 001FE4  53100134  01010011 00010000 00000001 00110100  (L0)
007FA 001FE8  53100138  01010011 00010000 00000001 00111000  (L0)
007FB 001FEC  5310013C  01010011 00010000 00000001 00111100  (L0)
007FC 001FF0  53100140  01010011 00010000 00000001 01000000  (L0)
007FD 001FF4  53100144  01010011 00010000 00000001 01000100  (L0)
007FE 001FF8  53100148  01010011 00010000 00000001 01001000  (L0)
007FF 001FFC  5310014C  01010011 00010000 00000001 01001100  (L0)
00800 002000  53100150  01010011 00010000 00000001 01010000  (L0)
00801 002004  53100154  01010011 00010000 00000001 01010100  (L0)
00802 002008  53100158  01010011 00010000 00000001 01011000  (L0)
00803 00200C  5310015C  01010011 00010000 00000001 01011100  (L0)
00804 002010  53100160  01010011 00010000 00000001 01100000  (L0)
00805 002014  53100164  01010011 00010000 00000001 01100100  (L0)
00806 002018  53100168  01010011 00010000 00000001 01101000  (L0)
00807 00201C  5310016C  01010011 00010000 00000001 01101100  (L0)
00808 002020  53100170  01010011 00010000 00000001 01110000  (L0)
00809 002024  53100174  01010011 00010000 00000001 01110100  (L0)
0080A 002028  53100178  01010011 00010000 00000001 01111000  (L0)
0080B 00202C  5310017C  01010011 00010000 00000001 01111100  (L0)
0080C 002030  53100180  01010011 00010000 00000001 10000000  (L0)
0080D 002034  53100184  01010011 00010000 00000001 10000100  (L0)
0080E 002038  53100188  01010011 00010000 00000001 10001000  (L0)
0080F 00203C  5310018C  01010011 00010000 00000001 10001100  (L0)
00810 002040  53100190  01010011 00010000 00000001 10010000  (L0)
00811 002044  53100194  01010011 00010000 00000001 10010100  (L0)
00812 002048  53100198  01010011 00010000 00000001 10011000  (L0)
00813 00204C  5310019C  01010011 00010000 00000001 10011100  (L0)
00814 002050  531001A0  01010011 00010000 00000001 10100000  (L0)
00815 002054  531001A4  01010011 00010000 00000001 10100100  (L0)
00816 002058  531001A8  01010011 00010000 00000001 10101000  (L0)
00817 00205C  531001AC  01010011 00010000 00000001 10101100  (L0)
00818 002060  531001B0  01010011 00010000 00000001 10110000  (L0)
00819 002064  531001B4  01010011 00010000 00000001 10110100  (L0)
0081A 002068  531001B8  01010011 00010000 00000001 10111000  (L0)
0081B 00206C  531001BC  01010011 00010000 00000001 10111100  (L0)
0081C 002070  531001C0  01010011 00010000 00000001 11000000  (L0)
0081D 002074  531001C4  01010011 00010000 00000001 11000100  (L0)
0081E 002078  531001C8  01010011 00010000 00000001 11001000  (L0)
0081F 00207C  531001CC  01010011 00010000 00000001 11001100  (L0)
00820 002080  531001D0  01010011 00010000 00000001 11010000  (L0)
00821 002084  531001D4  01010011 00010000 00000001 11010100  (L0)
00822 002088  531001D8  01010011 00010000 00000001 11011000  (L0)
00823 00208C  531001DC  01010011 00010000 00000001 11011100  (L0)
00824 002090  531001E0  01010011 00010000 00000001 11100000  (L0)
00825 002094  531001E4  01010011 00010000 00000001 11100100  (L0)
00826 002098  531001E8  01010011 00010000 00000001 11101000  (L0)
00827 00209C  531001EC  01010011 00010000 00000001 11101100  (L0)
00828 0020A0  531001F0  01010011 00010000 00000001 11110000  (L0)
00829 0020A4  531001F4  01010011 00010000 00000001 11110100  (L0)
0082A 0020A8  531001F8  01010011 00010000 00000001 11111000  (L0)
0082B 0020AC  531001FC  01010011 00010000 00000001 11111100  (L0)
0082C 0020B0  53100200  01010011 00010000 00000010 00000000  (L0)
0082D 0020B4  53100204  01010011 00010000 00000010 00000100  (L0)
0082E 0020B8  53100208  01010011 00010000 00000010 00001000  (L0)
0082F 0020BC  5310020C  01010011 00010000 00000010 00001100  (L0)
00830 0020C0  53100210  01010011 00010000 00000010 00010000  (L0)
00831 0020C4  53100214  01010011 00010000 00000010 00010100  (L0)
00832 0020C8  53100218  01010011 00010000 00000010 00011000  (L0)
00833 0020CC  5310021C  01010011 00010000 00000010 00011100  (L0)
00834 0020D0  53100220  01010011 00010000 00000010 00100000  (L0)
00835 0020D4  53100224  01010011 00010000 00000010 00100100  (L0)
00836 0020D8  53100228  01010011 00010000 00000010 00101000  (L0)
00837 0020DC  5310022C  01010011 00010000 00000010 00101100  (L0)
00838 0020E0  53100230  01010011 00010000 00000010 00110000  (L0)
00839 0020E4  53100234  01010011 00010000 00000010 00110100  (L0)
0083A 0020E8  53100238  01010011 00010000 00000010 00111000  (L0)
0083B 0020EC  5310023C  01010011 00010000 00000010 00111100  (L0)
0083C 0020F0  53100240  01010011 00010000 00000010 01000000  (L0)
0083D 0020F4  53100244  01010011 00010000 00000010 01000100  (L0)
0083E 0020F8  53100248  01010011 00010000 00000010 01001000  (L0)
0083F 0020FC  5310024C  01010011 00010000 00000010 01001100  (L0)
00840 002100  53100250  01010011 00010000 00000010 01010000  (L0)
00841 002104  53100254  01010011 00010000 00000010 01010100  (L0)
00842 002108  53100258  01010011 00010000 00000010 01011000  (L0)
00843 00210C  5310025C  01010011 00010000 00000010 01011100  (L0)
00844 002110  53100260  01010011 00010000 00000010 01100000  (L0)
00845 002114  53100264  01010011 00010000 00000010 01100100  (L0)
00846 002118  53100268  01010011 00010000 00000010 01101000  (L0)
00847 00211C  5310026C  01010011 00010000 00000010 01101100  (L0)
00848 002120  53100270  01010011 00010000 00000010 01110000  (L0)
00849 002124  53100274  01010011 00010000 00000010 01110100  (L0)
0084A 002128  53100278  01010011 00010000 00000010 01111000  (L0)
0084B 00212C  5310027C  01010011 00010000 00000010 01111100  (L0)
0084C 002130  53100280  01010011 00010000 00000010 10000000  (L0)
0084D 002134  53100284  01010011 00010000 00000010 10000100  (L0)
0084E 002138  53100288  01010011 00010000 00000010 10001000  (L0)
0084F 00213C  5310028C  01010011 00010000 00000010 10001100  (L0)
00850 002140  53100290  01010011 00010000 00000010 10010000  (L0)
00851 002144  53100294  01010011 00010000 00000010 10010100  (L0)
00852 002148  53100298  01010011 00010000 00000010 10011000  (L0)
00853 00214C  5310029C  01010011 00010000 00000010 10011100  (L0)
00854 002150  531002A0  01010011 00010000 00000010 10100000  (L0)
00855 002154  531002A4  01010011 00010000 00000010 10100100  (L0)
00856 002158  531002A8  01010011 00010000 00000010 10101000  (L0)
00857 00215C  531002AC  01010011 00010000 00000010 10101100  (L0)
00858 002160  531002B0  01010011 00010000 00000010 10110000  (L0)
00859 002164  531002B4  01010011 00010000 00000010 10110100  (L0)
0085A 002168  531002B8  01010011 00010000 00000010 10111000  (L0)
0085B 00216C  531002BC  01010011 00010000 00000010 10111100  (L0)
0085C 002170  531002C0  01010011 00010000 00000010 11000000  (L0)
0085D 002174  531002C4  01010011 00010000 00000010 11000100  (L0)
0085E 002178  531002C8  01010011 00010000 00000010 11001000  (L0)
0085F 00217C  531002CC  01010011 00010000 00000010 11001100  (L0)
00860 002180  531002D0  01010011 00010000 00000010 11010000  (L0)
00861 002184  531002D4  01010011 00010000 00000010 11010100  (L0)
00862 002188  531002D8  01010011 00010000 00000010 11011000  (L0)
00863 00218C  531002DC  01010011 00010000 00000010 11011100  (L0)
00864 002190  531002E0  01010011 00010000 00000010 11100000  (L0)
00865 002194  531002E4  01010011 00010000 00000010 11100100  (L0)
00866 002198  531002E8  01010011 00010000 00000010 11101000  (L0)
00867 00219C  531002EC  01010011 00010000 00000010 11101100  (L0)
00868 0021A0  531002F0  01010011 00010000 00000010 11110000  (L0)
00869 0021A4  531002F4  01010011 00010000 00000010 11110100  (L0)
0086A 0021A8  531002F8  01010011 00010000 00000010 11111000  (L0)
0086B 0021AC  531002FC  01010011 00010000 00000010 11111100  (L0)
0086C 0021B0  53100300  01010011 00010000 00000011 00000000  (L0)
0086D 0021B4  53100304  01010011 00010000 00000011 00000100  (L0)
0086E 0021B8  53100308  01010011 00010000 00000011 00001000  (L0)
0086F 0021BC  5310030C  01010011 00010000 00000011 00001100  (L0)
00870 0021C0  53100310  01010011 00010000 00000011 00010000  (L0)
00871 0021C4  53100314  01010011 00010000 00000011 00010100  (L0)
00872 0021C8  53100318  01010011 00010000 00000011 00011000  (L0)
00873 0021CC  5310031C  01010011 00010000 00000011 00011100  (L0)
00874 0021D0  53100320  01010011 00010000 00000011 00100000  (L0)
00875 0021D4  53100324  01010011 00010000 00000011 00100100  (L0)
00876 0021D8  53100328  01010011 00010000 00000011 00101000  (L0)
00877 0021DC  5310032C  01010011 00010000 00000011 00101100  (L0)
00878 0021E0  53100330  01010011 00010000 00000011 00110000  (L0)
00879 0021E4  53100334  01010011 00010000 00000011 00110100  (L0)
0087A 0021E8  53100338  01010011 00010000 00000011 00111000  (L0)
0087B 0021EC  5310033C  01010011 00010000 00000011 00111100  (L0)
0087C 0021F0  53100340  01010011 00010000 00000011 01000000  (L0)
0087D 0021F4  53100344  01010011 00010000 00000011 01000100  (L0)
0087E 0021F8  53100348  01010011 00010000 00000011 01001000  (L0)
0087F 0021FC  5310034C  01010011 00010000 00000011 01001100  (L0)
00880 002200  8CF0FFF0  10001100 11110000 11111111 11110000  (L0)
00881 002204  8DF0193C  10001101 11110000 00011001 00111100  (L0)
00882 002208  0E0F0000  00001110 00001111 00000000 00000000  (L0)
